Dark.Light,Salinity,Size,Concentration,Distance_moved_Total,Velocity_Mean,Meander,Turn angle,Angular velocity,In_zone_Frequency,In_zone_Cumulative_duration,Movement,Freezing_Mean,Freezing_Frequency,Freezing_duration
Dark,25,o,Cont,37.7592,0.314614,4441.6,2.5707,77.0889,3,119.951,30,3.80269,31,117.883
Dark,20,S,C2,42.6861,0.356358,223.71,0.244263,7.32405,21,94.6736,14,7.9167,15,118.75
Dark,15,o,Cont,30.506,0.254179,-1913.25,0.518319,15.5426,24,33.9811,8,13.1797,9,118.617
Dark,20,o,Cont,38.6408,0.322139,-40.7723,-1.82788,-54.8135,30,97.8082,14,7.93448,15,119.017
Dark,20,S,C2,123.402,1.0282,108.377,1.33467,40.0228,98,23.3433,151,0.667389,152,101.443
Dark,20,o,Cont,58.4767,0.487234,854.02,0.362552,10.8709,35,21.8426,76,1.48721,77,114.515
Dark,25,S,C1,29.7646,0.248002,-776.116,-1.48511,-44.5341,4,113.582,0,120.018,1,120.018
Dark,20,o,Cont,44.449,0.370354,-556.46,-1.7965,-53.8729,32,46.4531,37,3.07762,38,116.95
Dark,25,o,Cont,30.0527,0.250402,-1656.38,-0.368531,-11.0507,36,82.4017,10,11.9217,10,119.217
Dark,15,S,C2,16.8155,0.140186,5157.24,2.26446,67.9043,4,2.20093,2,39.9281,3,119.784
Dark,25,o,Cont,68.1489,0.569883,700.657,3.25743,97.682,34,53.9229,53,2.13671,54,115.382
Dark,25,S,C2,3.19981,0.0266612,67943.1,95.5713,2865.92,0,0,0,120.018,1,120.018
Dark,20,o,Cont,76.3443,0.640558,-146.385,0.405577,12.1613,34,54.7899,21,4.8868,24,117.283
Dark,20,S,C2,35.8561,0.301353,-855.993,0.0842792,2.52744,17,20.9422,7,13.213,9,118.917
Dark,20,o,Cont,6.64182,0.0553404,27487.6,6.78227,203.382,0,0,0,120.018,1,120.018
Dark,25,S,C2,151.346,1.26843,52.1541,1.43466,43.0213,71,56.6574,84,1.26485,85,107.512
Dark,20,o,Cont,105.962,0.900401,255.305,0.417764,12.5279,53,52.5223,60,1.60427,65,104.278
Dark,25,S,C1,14.6055,0.121695,-3691.75,-3.79646,-113.847,1,120.018,0,120.018,1,120.018
Dark,20,o,Cont,39.5393,0.329446,602.552,-0.357603,-10.7238,32,68.6292,3,29.921,4,119.684
Dark,20,S,C2,48.679,0.407301,-1124.7,2.34058,70.1884,12,60.4583,15,6.58976,18,118.616
Dark,25,o,Cont,73.393,0.616148,412.827,0.453971,13.6135,31,25.4438,34,2.97901,36,107.244
Dark,15,o,Cont,47.5882,0.398508,1132.42,0.740258,22.1982,20,43.4513,12,9.00628,13,117.082
Dark,15,S,C2,88.5878,0.765572,-326.7,-0.909723,-27.2805,33,42.5509,39,2.15165,44,94.6724
Dark,15,S,C1,136.901,1.14069,4.47762,2.42333,72.6699,38,44.5517,40,1.96097,41,80.3999
Dark,15,o,Cont,77.9717,0.650761,47.9636,0.202304,6.06669,23,64.7934,17,6.25814,18,112.647
Dark,20,S,C1,67.4154,0.565173,21.3824,0.843823,25.3044,38,64.0598,19,5.32341,22,117.115
Dark,25,o,Cont,100.02,0.833847,55.0438,1.2019,36.0422,24,30.3125,42,2.31336,43,99.4744
Dark,15,S,C2,12.1139,0.100935,1216.71,1.41415,42.4077,5,119.716,0,120.016,1,120.016
Dark,15,o,Cont,116.294,0.972757,-163.751,-1.31428,-39.4117,42,19.4082,35,2.77803,36,100.009
Dark,20,S,C1,25.3295,0.211048,3660.24,-0.183276,-5.4958,2,108.413,1,59.592,2,119.184
Dark,15,o,Cont,98.6441,0.821913,560.316,-0.0565768,-1.69702,24,76.6326,28,3.13007,29,90.7719
Dark,25,S,C1,82.8352,0.692115,-617.915,0.445237,13.3516,62,78.3333,16,5.95623,18,107.212
Dark,15,o,Cont,78.7077,0.662799,91.7696,0.868235,26.0365,22,61.993,34,3.39066,34,115.282
Dark,20,S,C2,126.262,1.12619,-557.091,-4.89922,-146.915,65,76.2324,74,0.711706,76,54.0896
Dark,20,o,Cont,23.0308,0.192108,-1616.14,2.29562,68.8378,7,72.7642,5,19.9696,6,119.818
Dark,25,S,C2,64.239,0.535247,-110.491,0.768707,23.0519,43,44.4522,8,12.9388,9,116.449
Dark,15,o,Cont,90.4362,0.753524,-709.775,-1.93848,-58.1296,28,52.4223,49,2.15025,50,107.512
Dark,20,S,C1,25.6025,0.213323,1004.16,0.955951,28.6673,9,116.85,2,39.917,3,119.751
Dark,25,S,C2,112.833,0.975664,388.238,-1.5242,-45.7072,20,3.53478,70,1.28691,71,91.3708
Dark,25,o,Cont,81.9973,0.694804,656.532,0.366286,10.9841,25,34.7142,53,1.8262,55,100.441
Dark,20,S,C1,58.0801,0.486777,-272.812,1.21074,36.3073,27,89.2366,12,7.83655,15,117.548
Dark,15,S,C2,87.3758,0.745859,519.662,1.81766,54.5073,46,89.2699,76,1.41468,78,110.345
Dark,20,S,C2,16.9454,0.141193,2398.66,-0.660947,-19.8203,1,120.016,0,120.016,1,120.016
Dark,25,o,Cont,3.26063,0.0271683,36136.7,79.3102,2378.33,0,0,0,120.016,1,120.016
Dark,15,o,Cont,63.4795,0.542338,-843.202,0.95372,28.5999,28,81.5668,26,3.8556,29,111.812
Dark,20,S,C1,97.7173,0.825441,246.474,0.641532,19.2381,55,49.8538,54,1.85133,58,107.377
Dark,15,S,C2,126.413,1.10811,-53.5364,0.743819,22.3054,61,49.0534,57,1.51876,68,103.276
Dark,15,S,C1,57.9661,0.48298,-194.166,0.977319,29.3068,14,17.374,7,14.8563,8,118.85
Dark,25,S,C2,76.9898,0.64688,172.839,1.45339,43.5832,40,34.2479,28,4.0541,28,113.515
Dark,15,o,Cont,41.6302,0.34706,804.767,0.404971,12.144,32,31.8802,26,4.37593,27,118.15
Dark,15,S,C1,69.9042,0.58245,920.156,1.35623,40.6695,11,117.016,4,23.8901,5,119.451
Dark,20,o,Cont,106.691,0.89368,1027.75,-1.03141,-30.9295,40,32.0136,25,4.6193,25,115.482
Dark,20,o,Cont,16.9913,0.141574,-2502.84,0.765197,22.947,1,120.018,0,120.018,1,120.018
Dark,15,S,C2,12.7932,0.106594,1886.98,4.71057,141.256,1,120.018,0,120.018,1,120.018
Dark,20,S,C1,85.5677,0.728547,581.927,1.79574,53.8497,36,57.958,28,4.12644,27,111.414
Dark,25,S,C2,11.8608,0.0988254,2454.21,7.60755,228.129,1,120.018,0,120.018,1,120.018
Dark,15,o,Cont,20.6026,0.171663,50.8847,-0.166659,-4.99831,1,120.018,0,120.018,1,120.018
Dark,15,o,Cont,68.258,0.56874,-1035.03,-1.02302,-30.6781,52,48.0532,14,7.7632,15,116.448
Dark,20,S,C2,233.226,2.62731,2201.54,7.98578,239.476,62,7.96996,106,0.784985,113,88.7033
Dark,20,o,Cont,66.4849,0.556751,-62.6464,-0.0803714,-2.41028,23,86.5357,14,7.04291,15,105.644
Dark,20,o,Cont,38.1097,0.317803,3711.64,-1.50471,-45.1225,17,92.038,6,16.6211,7,116.348
Dark,15,S,C1,67.1289,0.562144,-79.9832,-0.273453,-8.20002,11,105.11,12,9.58451,12,115.014
Dark,25,o,Cont,58.1555,0.485373,-272.53,0.14597,4.37745,28,33.6472,17,6.36189,18,114.514
Dark,25,o,Cont,289.252,2.95234,-57.5744,3.73333,111.954,113,20.1416,117,0.175072,84,14.7061
Dark,20,S,C1,85.0777,0.708885,-154.482,-0.508653,-15.2533,53,58.024,20,5.51974,21,115.915
Dark,25,S,C1,62.8702,0.523847,684.763,0.069672,2.08923,30,84.9684,22,4.91942,23,113.147
Dark,15,S,C2,37.101,0.309129,-746.202,0.0833129,2.49854,22,96.4743,0,120.018,1,120.018
Dark,20,o,Cont,65.6364,0.548108,918.777,0.377017,11.3054,22,76.5325,13,7.91892,15,118.784
Dark,20,o,Cont,128.453,1.07626,1.28667,0.794836,23.8353,52,50.0879,50,1.53665,50,76.8326
Dark,15,S,C1,8.2442,0.0686915,36087.8,58.7062,1760.44,0,0,0,120.018,1,120.018
Dark,25,S,C1,74.465,0.6299,573.378,-1.02204,-30.6477,21,48.9541,41,2.67323,43,114.949
Dark,15,S,C2,132.304,1.1076,187.663,-2.05975,-61.7663,34,15.2732,68,1.17103,69,80.801
Dark,20,o,Cont,18.3094,0.152556,1205.64,1.82117,54.611,1,120.018,0,120.018,1,120.018
Dark,25,o,Cont,35.5,0.29579,3459.42,3.37183,101.114,31,44.0854,10,11.3815,10,113.815
Dark,20,o,Cont,87.6283,0.732367,852.307,0.471299,14.1329,28,50.3214,10,10.7955,11,118.75
Dark,25,S,C1,73.1028,0.609778,213.494,0.343126,10.2889,34,52.2555,22,4.98038,23,114.549
Dark,25,o,Cont,0.100633,0.000838481,10732.1,180,5397.73,0,0,0,120.018,1,120.018
Dark,15,o,Cont,62.6684,0.578766,194.051,-0.0456514,-1.36986,23,42.1846,32,2.219,48,106.512
Dark,20,S,C1,54.4286,0.478641,4165.23,11.0489,331.326,18,24.5771,43,2.29388,47,107.812
Dark,25,o,Cont,25.5779,0.213118,6474.44,4.31337,129.346,1,120.018,2,39.9614,3,119.884
Dark,25,o,Cont,8.63092,0.0719137,40647.2,28.0834,842.144,0,0,0,120.018,1,120.018
Dark,25,o,Cont,23.8827,0.198993,-1762.74,2.34205,70.2307,1,120.018,1,59.9755,2,119.951
Dark,20,S,C2,53.2566,0.44374,1066.49,0.579744,17.3851,28,71.8639,27,4.1208,28,115.382
Dark,15,o,Cont,54.3295,0.452679,17.7826,2.34816,70.4138,43,78.1665,14,7.66326,15,114.949
Dark,20,o,Cont,34.5343,0.287904,8708.35,1.50826,45.2285,8,34.9148,20,5.50393,21,115.582
Dark,20,S,C2,9.09422,0.075774,-4953.71,-1.79809,-53.9198,1,120.018,0,120.018,1,120.018
Dark,20,o,Cont,43.3624,0.3613,3353.28,-1.52718,-45.7945,30,21.4091,53,2.14103,54,115.616
Dark,25,S,C1,53.6511,0.447275,-4.90342,-0.383906,-11.511,15,72.2974,23,4.69644,24,112.715
Dark,20,o,Cont,64.0805,0.535115,-330.762,0.180159,5.40218,36,29.5125,46,2.4592,47,115.582
Dark,25,o,Cont,44.6287,0.371852,-94.9837,-2.23458,-67.0087,20,23.2766,55,2.06754,56,115.783
Dark,15,S,C2,36.499,0.304114,2481.06,0.447828,13.4287,69,44.1854,7,14.7188,8,117.75
Dark,25,o,Cont,101.028,0.857747,-887.503,0.0584649,1.75393,12,1.73407,81,1.27157,84,106.812
Dark,25,S,C2,2.9837,0.0248605,49763.4,83.1436,2493.25,0,0,0,120.018,1,120.018
Dark,20,o,Cont,124.513,1.07016,144.402,0.649432,19.4751,47,46.8199,60,1.70019,63,107.112
Dark,20,S,C2,50.1169,0.41758,-2424.45,-0.503286,-15.0911,7,8.73705,1,59.9088,2,119.818
Dark,20,o,Cont,6.40065,0.0533309,26885.8,13.9611,418.656,0,0,0,120.018,1,120.018
Dark,25,S,C2,150.906,1.3472,49.3487,-0.0374409,-1.12335,54,40.8173,91,1.0171,96,97.6415
Dark,20,o,Cont,113.75,0.973751,-74.5182,-0.236277,-7.08489,39,53.8896,63,1.47487,66,97.3414
Dark,25,S,C1,29.0968,0.24291,1946.37,-1.13954,-34.1718,7,46.6532,9,11.7583,10,117.583
Dark,20,o,Cont,36.2842,0.302324,-1465.38,-1.17012,-35.0885,12,76.9994,5,19.9196,6,119.517
Dark,20,S,C2,85.957,0.722636,-112.741,1.46272,43.8637,11,7.60314,51,2.04206,55,112.313
Dark,25,o,Cont,81.0837,0.680904,-1769.48,-0.967834,-29.0233,20,70.229,38,2.35624,38,89.537
Dark,15,o,Cont,27.5857,0.229978,1230.05,-1.1648,-34.9295,6,93.572,8,13.161,9,118.449
Dark,15,S,C2,96.8914,0.816163,622.508,1.28678,38.5868,28,22.7761,43,2.35779,44,103.743
Dark,15,S,C1,173.827,1.45078,40.1975,1.69209,50.7419,44,25.6439,55,0.583574,56,32.6802
Dark,15,o,Cont,105.5,0.880024,-24.5087,1.78592,53.5555,29,58.2574,46,2.10377,46,96.7733
Dark,20,S,C1,86.9889,0.726829,16.6911,-0.981543,-29.4342,31,46.9194,24,4.54721,25,113.68
Dark,25,o,Cont,110.502,0.922772,101.02,2.10511,63.1276,35,58.891,36,2.44082,36,87.8696
Dark,15,S,C2,12.6043,0.105022,318.629,1.68554,50.546,4,118.316,0,120.016,1,120.016
Dark,15,o,Cont,136.926,1.1431,-20.9956,-1.93548,-58.0398,46,12.2385,46,1.73194,47,81.4013
Dark,20,S,C1,52.8891,0.440923,9166.28,4.67616,140.226,14,25.9444,19,5.8158,20,116.316
Dark,15,o,Cont,129.324,1.0863,174.873,-0.102881,-3.08521,38,43.3851,42,1.70154,41,69.763
Dark,25,S,C1,69.0135,0.575667,-664.47,0.157342,4.71787,31,82.6351,24,4.2418,25,106.045
Dark,15,o,Cont,88.7163,0.750877,-719.151,0.542422,16.2659,39,76.2991,34,3.26603,33,107.779
Dark,20,S,C2,147.694,1.27269,-176.493,-0.553892,-16.6091,58,48.6873,75,0.799373,69,55.1568
Dark,20,o,Cont,56.7706,0.475131,-920.619,0.965216,28.9439,21,27.1449,16,6.4583,18,116.249
Dark,25,S,C2,81.5401,0.679779,-347.091,1.11296,33.3745,42,31.9802,19,5.7291,20,114.582
Dark,15,o,Cont,57.8064,0.482185,-439.136,-0.748589,-22.4486,21,59.7921,30,3.65854,31,113.415
Dark,20,S,C1,20.8514,0.173736,-3906.6,-1.49337,-44.7841,3,114.282,2,39.7725,3,119.317
Dark,25,S,C2,200.892,1.8651,-97.6167,-2.95021,-88.47,13,2.06751,107,0.278595,79,22.009
Dark,25,o,Cont,86.2825,0.723145,826.506,1.32051,39.5992,31,88.7697,36,2.30743,36,83.0674
Dark,20,S,C1,100.289,0.88143,456.091,0.686201,20.5776,37,23.1095,86,1.00249,96,96.2394
Dark,15,S,C2,96.1464,0.862978,-15.9787,0.16942,5.08051,41,67.0608,51,1.76343,59,104.043
Dark,20,S,C2,13.6143,0.113438,1456.8,0.959439,28.7714,1,120.016,1,59.9579,2,119.916
Dark,25,o,Cont,136.415,1.13664,18529.3,31.7473,952.03,26,1.0671,53,2.15582,54,116.414
Dark,15,o,Cont,168.846,1.45205,204.485,3.46034,103.768,57,51.7545,74,0.808665,72,58.2239
Dark,20,S,C1,132.557,1.15959,-304.025,-0.29508,-8.84879,54,37.4487,111,0.809942,111,89.9035
Dark,15,S,C2,110.572,0.972946,-832.444,0.872577,26.1666,57,51.1543,52,1.58787,60,95.2724
Dark,15,S,C1,79.773,0.665047,-173.276,0.427779,12.828,32,49.2543,18,5.57781,19,105.978
Dark,25,S,C2,109.696,0.92375,43.3451,1.7035,51.0823,53,29.6126,45,2.31693,46,106.579
Dark,15,o,Cont,21.0312,0.175234,5091.04,0.358767,10.7578,5,115.849,0,120.018,1,120.018
Dark,15,S,C1,113.191,0.943648,397.703,0.968659,29.0476,41,84.9027,39,2.17259,40,86.9036
Dark,20,o,Cont,111.949,0.941671,0.505759,0.695796,20.8646,30,28.1119,42,2.57649,42,108.213
Dark,20,o,Cont,50.8969,0.424078,1302.59,0.650527,19.5079,11,97.5081,18,5.9341,19,112.748
Dark,15,S,C2,15.8468,0.132037,7666.86,4.77979,143.333,14,118.917,1,59.9755,2,119.951
Dark,20,S,C1,289.659,2.64819,164.75,3.40027,101.963,83,18.8413,144,0.608774,137,83.4021
Dark,25,S,C2,35.2146,0.294722,-3609.87,-3.57039,-107.066,2,104.444,7,14.7146,8,117.717
Dark,15,o,Cont,60.7267,0.505981,565.515,0.60519,18.1477,19,49.8879,26,4.29689,27,116.016
Dark,15,o,Cont,128.361,1.08094,129.827,2.61825,78.5148,18,11.0045,49,1.5987,51,81.5337
Dark,20,S,C2,71.3225,0.654867,6975.35,2.95083,88.4878,22,6.60273,31,3.28722,33,108.478
Dark,20,o,Cont,147.497,1.26302,-173.729,-0.501756,-15.0463,66,40.3166,41,1.82904,33,60.3582
Dark,20,o,Cont,112.944,0.952185,199.607,0.226391,6.78897,43,27.2446,58,1.62596,58,94.3056
Dark,15,S,C1,85.6966,0.726558,837.956,0.151191,4.53412,36,90.4373,25,4.33802,23,99.7745
Dark,25,o,Cont,30.561,0.254783,2465.06,2.1729,65.16,9,110.145,2,39.5608,3,118.682
Dark,25,o,Cont,293.947,2.875,84.167,2.40616,72.1551,100,20.9753,108,0.296948,84,24.9436
Dark,20,S,C1,109.26,0.915972,51.6616,-0.9908,-29.7116,55,53.5888,41,2.20007,40,88.003
Dark,25,S,C1,144.058,1.23006,150.278,1.45112,43.516,66,49.2537,73,1.08521,70,75.9647
Dark,15,S,C2,30.2967,0.252436,-826.027,-0.287454,-8.61937,3,119.851,0,120.018,1,120.018
Dark,20,o,Cont,180.918,1.56935,-1078.24,-1.74493,-52.3265,67,58.9584,89,0.977227,92,89.9049
Dark,20,o,Cont,141.113,1.23515,1163.46,1.95119,58.5111,45,64.7275,74,1.13228,65,73.5979
Dark,15,S,C1,85.8976,0.782453,4972.33,7.76629,232.89,23,6.20263,41,2.17009,40,86.8035
Dark,25,S,C1,90.5189,0.859263,2192.27,3.93844,118.102,62,38.4497,38,2.04304,49,100.109
Dark,15,S,C2,190.038,1.66289,-141.718,-3.74471,-112.294,20,6.90293,64,1.15835,53,61.3928
Dark,20,o,Cont,78.195,0.670341,1117.23,4.61493,138.388,32,66.1948,47,2.06554,50,103.277
Dark,25,o,Cont,73.9411,0.672518,120.987,1.84111,55.2116,60,63.6604,74,1.19149,85,101.276
Dark,20,o,Cont,49.3786,0.594431,3236.16,13.6655,409.79,25,77.1328,15,4.804,17,81.668
Dark,25,S,C1,92.6504,0.802059,553.946,-0.357886,-10.7317,49,45.5193,81,1.09853,86,94.4735
Dark,25,o,Cont,252.181,4.92652,12088.3,19.3246,579.495,185,23.7101,124,0.741713,62,45.9862
Dark,15,o,Cont,67.4039,0.66929,-473.521,-2.14575,-64.3456,35,34.7481,48,1.25594,77,96.7077
Dark,20,S,C1,107.989,1.03229,-129.528,1.9626,58.8528,37,19.7084,85,0.82463,81,66.795
Dark,25,o,Cont,55.8976,0.483199,-520.438,-2.80163,-84.0141,8,44.2855,40,2.27697,50,113.848
Dark,25,o,Cont,8.82629,0.0735415,33643.6,15.851,475.328,0,0,0,120.018,1,120.018
Dark,25,o,Cont,20.6061,0.171692,-8042.07,2.8604,85.774,6,119.818,0,120.018,1,120.018
Dark,20,S,C2,24.4049,0.203344,-1301.6,-1.41373,-42.3945,8,74.8651,4,23.51,5,117.55
Dark,15,o,Cont,39.9608,0.332958,783.226,2.12077,63.5951,22,63.8938,14,7.80554,15,117.083
Dark,20,o,Cont,37.7857,0.314834,-5918.37,0.988238,29.6338,24,8.637,23,4.76591,24,114.382
Dark,20,S,C2,120.011,1.00106,246.743,1.17234,35.1545,56,12.5387,113,0.916331,115,105.378
Dark,20,o,Cont,34.4055,0.287229,-3283.14,0.888912,26.6565,18,96.7744,20,5.59603,21,117.517
Dark,25,S,C1,70.5517,0.587844,-887.176,-0.26263,-7.87503,13,5.36895,22,4.68025,23,107.646
Dark,20,o,Cont,64.4889,0.553159,-716.973,1.59679,47.8836,22,20.1752,59,1.63706,66,108.046
Dark,25,o,Cont,73.0057,0.60863,410.307,-1.22795,-36.8231,49,20.0418,119,0.918317,119,109.28
Dark,15,S,C2,24.8048,0.206964,941.919,-1.08738,-32.6069,22,25.3774,9,10.7015,11,117.717
Dark,25,o,Cont,112.098,0.946106,-223.932,0.691477,20.7353,20,3.33475,88,1.13944,89,101.41
Dark,25,S,C2,3.40269,0.0283516,40788.6,67.603,2027.23,0,0,0,120.018,1,120.018
Dark,20,o,Cont,97.3128,0.833517,-396.253,-0.467694,-14.0248,41,34.6814,55,1.8522,59,109.28
Dark,20,S,C2,59.2936,0.49404,2352.02,1.77302,53.1678,4,3.50149,6,16.5022,7,115.516
Dark,20,o,Cont,6.44055,0.0536634,43315,8.17192,245.051,0,0,0,120.018,1,120.018
Dark,25,S,C2,118.415,1.05401,-983.905,-1.00018,-29.9921,44,34.648,97,0.936041,101,94.5402
Dark,20,o,Cont,86.0289,0.747542,187.747,0.0159677,0.478391,33,63.3936,43,2.29735,46,105.678
Dark,25,S,C1,15.3384,0.127801,2500.77,-3.35552,-100.623,1,120.018,0,120.018,1,120.018
Dark,20,o,Cont,68.3616,0.569596,135.372,-1.20182,-36.0392,34,42.5514,22,5.07607,23,116.75
Dark,20,S,C2,101.845,0.855967,-320.067,1.8432,55.2734,16,5.60231,53,1.83903,54,99.3077
Dark,25,o,Cont,109.702,0.920195,-545.119,0.578928,17.3607,32,33.5805,52,1.54807,52,80.4999
Dark,15,o,Cont,38.9184,0.324547,-983.945,0.383935,11.5129,20,20.6752,6,16.9784,7,118.849
Dark,15,S,C2,100.652,0.846413,-191.402,0.166086,4.98054,32,33.1137,31,3.22176,31,99.8746
Dark,15,S,C1,178.064,1.4878,412.982,2.73416,81.9908,49,18.3076,40,1.32006,41,54.1223
Dark,15,o,Cont,122.041,1.018,-330.167,0.591937,17.7509,37,44.7852,60,1.31912,61,80.4665
Dark,20,S,C1,68.5862,0.571474,221.431,0.875169,26.2442,33,53.5554,7,14.8311,8,118.649
Dark,25,o,Cont,114.865,0.960553,49.5066,0.935894,28.0654,43,33.6472,47,1.81564,47,85.3352
Dark,15,S,C2,24.6487,0.205492,-1058.87,0.912156,27.3536,16,58.3574,4,23.6031,5,118.015
Dark,15,o,Cont,152.329,1.27882,86.7647,-2.59086,-77.6924,17,5.9025,66,0.958118,67,64.1939
Dark,20,S,C1,31.8467,0.265645,2799.26,2.52707,75.7798,15,25.3774,6,16.7071,7,116.95
Dark,15,o,Cont,122.45,1.02597,408.596,-0.743235,-22.2876,36,34.7814,46,1.81526,46,83.5021
Dark,25,S,C1,49.391,0.41176,168.894,-1.3491,-40.4556,28,93.4063,14,7.60545,15,114.082
Dark,15,o,Cont,84.0737,0.709381,-823.16,-0.078005,-2.33957,31,60.4257,25,4.13637,26,107.546
Dark,20,S,C2,183.189,1.579,112.519,1.82054,54.5926,61,48.3872,82,0.404172,75,30.3129
Dark,20,o,Cont,43.3368,0.362699,-370.3,1.83509,55.0286,4,0.900383,24,4.48267,26,116.55
Dark,25,S,C2,83.8773,0.699264,-561.217,1.15356,34.5924,34,48.1871,24,4.20845,25,105.211
Dark,15,o,Cont,46.365,0.386318,383.222,1.01099,30.3169,15,74.2315,19,5.66407,20,113.281
Dark,20,S,C1,30.4058,0.253344,-109.868,0.892564,26.7659,12,111.114,3,29.6459,4,118.584
Dark,25,S,C2,198.713,1.80739,47.7767,-3.07502,-92.2128,22,5.96911,99,0.403417,82,33.0802
Dark,25,o,Cont,57.9628,0.488251,1636.18,1.21927,36.5631,43,30.5792,25,3.71757,27,100.374
Dark,20,S,C1,125.697,1.07267,-406.928,-1.0437,-31.2982,42,25.2103,95,0.971146,98,95.1723
Dark,15,S,C2,103.187,0.912247,43.3241,-0.120844,-3.62385,34,53.1885,94,1.01329,101,102.342
Dark,20,S,C2,10.8458,0.0903693,1185.67,2.56581,76.9428,0,0,0,120.016,1,120.016
Dark,25,o,Cont,30.3121,0.2532,3835.79,2.67914,80.3414,14,108.678,11,9.6873,12,116.248
Dark,15,o,Cont,134.217,1.13504,-1239.25,-0.793001,-23.7803,35,57.2568,43,2.26922,41,93.0381
Dark,20,S,C1,163.278,1.42253,226.292,0.792157,23.755,81,35.2478,188,0.421369,195,82.167
Dark,15,S,C2,141.015,1.22714,-37.3164,0.846894,25.3964,59,53.9221,80,1.13456,88,99.8409
Dark,15,S,C1,107.557,0.896676,9.6804,-1.69619,-50.8636,33,41.7844,30,2.9647,31,91.9057
Dark,25,S,C2,127.419,1.08673,-90.4895,1.16569,34.956,47,27.6117,61,1.5271,63,96.2075
Dark,15,o,Cont,61.6746,0.515167,599.14,-0.230053,-6.89883,50,16.3403,34,3.37191,35,118.017
Dark,15,S,C1,117.111,0.976322,441.522,2.25094,67.4998,40,48.2205,43,1.8326,44,80.6343
Dark,20,o,Cont,140.168,1.18301,-73.6482,0.53925,16.171,23,18.7413,58,1.78179,58,103.344
Dark,20,o,Cont,73.7617,0.616131,685.747,-0.318957,-9.56534,26,55.0567,21,5.22343,22,114.915
Dark,15,S,C2,21.0311,0.175234,8049.73,1.90437,57.1074,7,19.8084,1,59.9755,2,119.951
Dark,20,S,C1,356.319,5.65047,-826.456,-3.39978,-101.949,192,25.4441,200,0.304957,145,44.2188
Dark,25,S,C2,104.521,0.87258,227.637,-1.63222,-48.9463,1,0.100043,23,4.21429,24,101.143
Dark,15,o,Cont,79.408,0.661636,293.437,1.21663,36.4834,8,6.46941,31,3.52025,32,112.648
Dark,15,o,Cont,169.717,1.46332,168.369,2.17233,65.143,18,11.2713,78,0.702116,73,51.2545
Dark,20,S,C2,18.7615,0.156848,171.21,0.852736,25.5716,4,4.10169,4,19.9138,6,119.483
Dark,20,o,Cont,156.153,1.33447,-144.321,-2.05143,-61.5176,70,36.6151,50,1.39695,46,64.2599
Dark,20,o,Cont,117.062,0.985513,-412.778,-1.06624,-31.9741,25,7.96995,65,1.31476,68,89.4036
Dark,15,S,C1,149.442,1.27024,-42.4504,-0.669401,-20.0738,35,12.3051,55,1.51304,51,77.1652
Dark,25,o,Cont,53.5119,0.445872,1593.31,1.25649,37.6789,34,39.9165,13,8.18433,14,114.581
Dark,25,o,Cont,394.399,3.76659,134.418,-0.293459,-8.80004,129,20.7419,122,0.19634,98,19.2413
Dark,20,S,C1,104.555,0.878498,-528.365,-1.88599,-56.5565,33,55.8564,36,2.56124,36,92.2047
Dark,25,S,C1,104.153,0.870245,-89.7443,-0.902087,-27.051,38,41.7839,48,1.89806,49,93.0051
Dark,15,S,C2,36.9671,0.308014,-623.156,0.138877,4.16357,13,118.784,0,120.018,1,120.018
Dark,20,o,Cont,136.378,1.20673,-32.5693,0.887123,26.6025,52,46.0862,73,0.776005,74,57.4244
Dark,20,o,Cont,157.799,1.34088,-111.181,-1.28005,-38.3854,60,53.4894,53,0.87904,50,43.952
Dark,15,S,C1,131.564,1.09865,-99.9164,-2.21985,-66.5671,7,4.80204,40,1.83655,41,75.2986
Dark,25,S,C1,32.8529,0.273734,729.089,-2.52797,-75.8065,15,27.2783,9,11.6983,10,116.983
Dark,15,S,C2,206.068,1.72609,-44.515,-2.90607,-87.1449,29,8.90378,25,0.965743,25,24.1436
Dark,20,o,Cont,60.0711,0.501494,-1301.18,-3.06818,-92.006,19,78.4,32,3.14447,34,106.912
Dark,25,o,Cont,33.5386,0.279914,-9798.29,0.23638,7.0884,30,80.9344,25,4.4288,26,115.149
Dark,20,o,Cont,24.0701,0.200555,-929.294,-1.07847,-32.3394,4,89.8382,7,14.9313,8,119.451
Dark,25,S,C1,109.595,0.949845,-300.502,-0.69545,-20.8551,71,44.0187,99,0.867035,98,84.9694
Dark,25,o,Cont,346.549,6.10579,18240.8,15.2872,458.418,200,23.1098,137,0.768606,62,47.6536
Dark,15,o,Cont,71.0774,0.657033,-59.1793,0.563538,16.8989,43,47.3201,50,1.38963,73,101.443
Dark,20,S,C1,133.421,1.31351,-97.2849,2.57741,77.2893,52,18.041,83,0.450876,73,32.914
Dark,25,o,Cont,46.9763,0.417143,2128.52,-1.59049,-47.695,22,3.40144,35,2.01574,56,112.881
Dark,25,o,Cont,9.4168,0.0784618,30833,20.0988,602.707,0,0,0,120.018,1,120.018
Light,25,o,Cont,22.4901,0.187442,-3174.75,0.861502,25.8331,4,119.718,2,39.9503,3,119.851
Light,20,S,C2,72.7702,0.606498,-1809.55,-0.0199129,-0.597138,53,81.4012,21,5.03547,22,110.78
Light,15,o,Cont,15.4801,0.129018,-133.8,-0.113814,-3.41269,2,92.4059,0,119.984,1,119.984
Light,20,o,Cont,54.256,0.455102,-1302.18,-1.3895,-41.6678,17,24.9106,58,1.96348,58,113.882
Light,20,S,C2,72.7456,0.606293,-492.225,-1.93447,-58.009,47,84.2691,26,4.14003,27,111.781
Light,20,o,Cont,37.968,0.316441,719.5,0.000922547,0.0290108,16,82.435,32,3.54999,33,117.15
Light,25,S,C1,58.8783,0.490717,-380.236,-0.195037,-5.85054,38,57.391,33,3.41027,34,115.949
Light,20,o,Cont,37.5811,0.313479,1498.51,0.108352,3.24977,13,44.2188,13,8.51314,14,119.184
Light,25,o,Cont,61.5403,0.512903,19.2457,0.1054,3.15982,28,33.8144,97,1.16372,97,112.881
Light,15,S,C2,16.0697,0.133931,4823.95,1.46688,43.9865,0,0,0,119.984,1,119.984
Light,25,o,Cont,50.3297,0.420638,-254.266,0.0587126,1.76074,30,76.2657,18,6.26055,19,118.951
Light,25,S,C2,2.9578,0.0246516,51084.4,60.1363,1803.32,0,0,0,119.984,1,119.984
Light,20,o,Cont,68.8565,0.579517,367.337,-0.972985,-29.1778,28,60.4924,27,3.7489,31,116.216
Light,20,S,C2,32.0768,0.267342,4151.08,-0.971151,-29.1223,7,54.1563,6,17.0168,7,119.117
Light,20,o,Cont,6.56828,0.0547428,26201.6,9.7176,291.403,0,0,0,119.984,1,119.984
Light,25,S,C2,113.379,0.963694,65.5803,-0.340495,-10.2108,65,41.4509,69,1.52835,71,108.513
Light,20,o,Cont,108.719,0.919914,8.99486,1.16193,34.8432,48,49.7545,58,1.8245,59,107.646
Light,25,S,C1,16.0101,0.133435,289.423,1.71979,51.5705,1,119.984,0,119.984,1,119.984
Light,20,o,Cont,44.8438,0.373747,-1090.37,-0.545642,-16.3619,17,87.5372,0,119.984,1,119.984
Light,20,S,C2,51.0995,0.426127,-604.185,-0.0535312,-1.60451,22,111.846,0,119.983,1,119.983
Light,25,o,Cont,43.7633,0.364747,-1310.15,1.49483,44.8262,28,92.3715,3,29.904,4,119.616
Light,15,o,Cont,44.6977,0.372534,-706.28,-0.948371,-28.4391,18,105.277,3,29.8206,4,119.283
Light,15,S,C2,64.0813,0.541004,-307.644,-1.94686,-58.3821,28,29.9457,18,4.78114,24,114.747
Light,15,S,C1,66.7316,0.556176,933.961,-0.158739,-4.76008,34,44.7852,8,13.1388,9,118.249
Light,15,o,Cont,74.7728,0.623196,147.75,1.39546,41.8463,35,85.8354,7,14.9228,8,119.383
Light,20,S,C1,79.1949,0.666349,-526.081,-0.56173,-16.8449,44,46.119,32,3.1476,36,113.313
Light,25,o,Cont,110.158,0.918627,-347.976,-1.83657,-55.0742,35,67.0944,15,5.86075,16,93.772
Light,15,S,C2,25.3673,0.211424,-1673.82,-0.137729,-4.12909,5,116.381,2,39.9498,3,119.849
Light,15,o,Cont,79.8709,0.665677,174.581,-0.0987553,-2.96118,69,61.5261,8,12.9944,9,116.95
Light,20,S,C1,34.3183,0.286421,5076.48,0.144784,4.34164,14,99.5756,2,39.8058,3,119.417
Light,15,o,Cont,62.0333,0.517012,1137.4,0.707955,21.2293,30,87.9707,9,11.6349,10,116.349
Light,25,S,C1,33.759,0.281362,312.086,-0.609477,-18.2772,19,109.58,0,119.984,1,119.984
Light,15,o,Cont,75.673,0.646135,-449.419,0.704707,21.1326,40,62.8267,36,2.67919,41,109.847
Light,20,S,C2,62.3944,0.524982,690.234,0.423708,12.7061,27,41.551,19,5.20524,22,114.515
Light,20,o,Cont,172.161,1.48309,2095.64,2.89121,86.6982,36,47.0533,60,1.71234,66,113.015
Light,25,S,C2,53.0163,0.44186,-97.0927,0.776212,23.276,24,86.2033,4,23.7167,5,118.584
Light,15,o,Cont,73.817,0.615222,1098.83,-0.192186,-5.76275,38,41.5843,31,3.54526,32,113.448
Light,20,S,C1,48.9066,0.407608,243.015,0.276857,8.30156,45,85.7698,3,29.9377,4,119.751
Light,25,S,C2,77.676,0.666283,-284.984,-0.877312,-26.3086,55,65.5935,27,3.62815,30,108.845
Light,25,o,Cont,57.5161,0.480975,-275.59,0.602417,18.0651,20,74.864,27,4.13979,28,115.914
Light,20,S,C1,56.7446,0.47294,-965.688,0.474826,14.2389,21,90.0702,10,10.8499,11,119.349
Light,15,S,C2,45.448,0.378788,-69.3067,1.2788,38.3484,34,98.5737,0,119.983,1,119.983
Light,20,S,C2,11.1158,0.092645,3850.33,2.83019,84.8709,1,119.983,0,119.983,1,119.983
Light,25,o,Cont,39.8519,0.332148,62773.4,83.9638,2517.88,20,1.0671,24,4.73527,25,118.382
Light,15,o,Cont,38.3826,0.319902,-3854.15,-1.63226,-48.9479,23,90.2703,4,23.8298,5,119.149
Light,20,S,C1,82.4788,0.691073,377.568,0.9654,28.9501,28,62.4589,21,5.58324,21,117.248
Light,15,S,C2,87.0831,0.735612,1067.88,1.04615,31.3716,40,76.1312,42,2.65225,43,114.047
Light,15,S,C1,72.4347,0.603701,132.35,0.168418,5.05104,38,72.4641,6,16.7786,7,117.45
Light,25,S,C2,72.5452,0.610048,-33.8462,-0.304254,-9.12413,21,30.9131,21,4.8729,24,116.95
Light,15,o,Cont,46.0252,0.384127,493.878,0.0916486,2.7474,45,89.5047,1,39.9614,3,119.884
Light,15,S,C1,89.9136,0.749378,113.7,0.765154,22.9453,42,103.577,15,7.14887,16,114.382
Light,20,o,Cont,67.6034,0.584387,1852.81,-0.855233,-25.6469,34,75.332,10,10.4499,11,114.949
Light,20,o,Cont,42.945,0.357922,86.738,-0.559319,-16.7718,25,92.1391,2,39.8836,3,119.651
Light,15,S,C2,25.1307,0.20945,1835.88,-0.718097,-21.534,5,119.484,7,14.9355,8,119.484
Light,20,S,C1,85.2308,0.71035,-91.5918,1.41882,42.5468,33,78.7001,14,7.77886,15,116.683
Light,25,S,C2,20.3062,0.169241,2469.16,0.906231,27.1735,6,116.116,1,59.9588,2,119.918
Light,15,o,Cont,43.1967,0.36002,-1127.51,0.125875,3.77588,17,114.782,2,39.8391,3,119.517
Light,15,o,Cont,69.4913,0.579499,14.8531,0.401043,12.0264,40,61.6588,2,39.9609,3,119.883
Light,20,S,C2,48.0551,0.426601,515.712,0.341559,10.2423,15,47.1528,27,4.32101,26,112.346
Light,20,o,Cont,56.2073,0.468461,517.172,-0.330996,-9.92577,40,93.6053,7,14.7561,8,118.049
Light,20,o,Cont,22.3512,0.186286,-2693.13,-3.5526,-106.535,9,106.077,0,119.983,1,119.983
Light,15,S,C1,77.3305,0.64523,-267.997,-1.06917,-32.0618,41,61.5587,19,5.72236,20,114.447
Light,25,o,Cont,18.784,0.156556,230.244,-0.273893,-8.21352,1,115.948,0,119.983,1,119.983
Light,25,o,Cont,142.943,1.29659,552.018,2.20432,66.1022,61,26.8444,86,1.08432,93,100.842
Light,20,S,C1,99.6746,0.83074,-15.7596,-1.30289,-39.0706,67,77.1985,32,3.43475,33,113.347
Light,25,S,C1,100.009,0.833531,846.259,0.345448,10.3588,81,89.3035,56,1.99849,57,113.914
Light,15,S,C2,42.019,0.350204,870.244,-0.141146,-4.23273,23,110.347,3,29.871,4,119.484
Light,20,o,Cont,56.5482,0.471559,-39.827,-0.0373537,-1.12053,20,61.0926,8,13.2241,9,119.017
Light,20,o,Cont,77.8232,0.650963,-634.048,0.204569,6.13421,32,64.0605,18,5.98675,19,113.748
Light,15,S,C1,5.24423,0.0437076,43527.7,81.1058,2432.14,0,0,0,119.984,1,119.984
Light,25,S,C1,33.9698,0.283118,556.599,0.230086,6.9008,10,45.5193,0,119.984,1,119.984
Light,15,S,C2,47.2238,0.393583,-724.37,-1.14315,-34.2795,16,100.643,1,59.9755,2,119.951
Light,20,o,Cont,28.1858,0.234913,-667.433,-1.19037,-35.6962,8,101.51,0,119.984,1,119.984
Light,25,o,Cont,16.9685,0.141423,-625.4,-3.08592,-92.5384,3,77.4329,1,119.484,1,119.484
Light,20,o,Cont,67.5308,0.56283,-545.968,-1.44093,-43.2095,22,64.7942,11,9.90421,12,118.85
Light,25,S,C1,74.2122,0.618517,74.6902,1.17941,35.3678,22,56.5907,11,9.89309,12,118.717
Light,25,o,Cont,96.3015,0.802618,12132.4,43.8178,1313.98,0,0,31,3.68386,32,117.883
Light,15,o,Cont,62.6476,0.540924,1987.14,1.87945,56.3597,38,66.4949,30,2.87039,40,114.815
Light,20,S,C1,54.6789,0.45686,-1043.89,-0.625705,-18.7636,35,99.4089,2,39.8614,3,119.584
Light,25,o,Cont,32.042,0.267052,1512.96,1.44462,43.3195,3,117.483,4,23.9235,5,119.617
Light,25,o,Cont,8.38191,0.0698584,21314.3,12.223,366.536,0,0,0,119.984,1,119.984
Light,25,o,Cont,24.6168,0.205167,-3224.16,-3.58746,-107.577,4,119.884,2,39.9392,3,119.818
Light,20,S,C2,52.7368,0.439531,-12.3794,1.62585,48.7541,38,98.3084,10,10.7621,11,118.384
Light,15,o,Cont,19.7755,0.164817,-5237.52,-1.33741,-40.105,1,119.984,0,119.984,1,119.984
Light,20,o,Cont,20.258,0.168839,-2717.33,-1.6368,-49.0833,7,112.248,1,59.9588,2,119.918
Light,20,S,C2,61.3038,0.510932,246.745,0.0788187,2.36454,49,73.7647,27,4.17558,28,116.916
Light,20,o,Cont,47.7659,0.400103,900.163,-0.176376,-5.28923,22,30.9465,36,3.00213,39,117.083
Light,25,S,C1,57.2023,0.476748,-1222.59,-1.07833,-32.3368,2,0.466866,42,2.69029,43,115.682
Light,20,o,Cont,41.799,0.349634,987.528,1.97595,59.2529,21,23.2432,29,3.69011,32,118.084
Light,25,o,Cont,43.1281,0.359448,-1551.43,0.456456,13.6877,43,68.6958,24,4.8993,24,117.583
Light,15,S,C2,10.5204,0.0876818,2793.63,2.50728,75.188,314,96.9745,0,119.984,1,119.984
Light,25,o,Cont,47.9631,0.40198,1247.48,1.62804,48.8206,33,71.9306,14,7.33645,16,117.383
Light,25,S,C2,3.09306,0.0257789,55026.2,91.4119,2741.19,0,0,0,119.984,1,119.984
Light,20,o,Cont,63.2624,0.530945,-10209.5,1.01004,30.2877,25,53.4227,31,3.5409,33,116.85
Light,20,S,C2,51.7288,0.43113,2197.6,-2.59435,-77.7977,21,84.6026,13,8.2273,14,115.182
Light,20,o,Cont,6.21753,0.0518195,30398.9,12.8277,384.668,0,0,0,119.984,1,119.984
Light,25,S,C2,114.17,0.965225,-460.783,-1.28076,-38.407,63,38.1829,77,1.41326,79,111.647
Light,20,o,Cont,74.6241,0.634289,-814.057,0.295808,8.87131,26,52.2222,24,4.24748,27,114.682
Light,25,S,C1,14.3582,0.119668,2387.23,0.0952334,2.85516,1,119.984,0,119.984,1,119.984
Light,20,o,Cont,45.7222,0.381068,-17.2651,0.612058,18.3537,28,72.2974,2,39.917,3,119.751
Light,20,S,C2,49.7405,0.415487,178.607,0.520877,15.6192,64,81.6003,3,29.8457,4,119.383
Light,25,o,Cont,37.9679,0.316444,-869.826,-1.19635,-35.8758,24,82.3673,0,119.983,1,119.983
Light,15,o,Cont,40.3702,0.336466,-2738.73,1.26548,37.9483,29,34.014,7,14.827,8,118.616
Light,15,S,C2,71.1161,0.596532,1404.4,0.0879015,2.63586,36,63.8264,17,5.72236,20,114.447
Light,15,S,C1,65.738,0.548504,121.766,-1.62835,-48.831,24,54.2224,9,11.418,10,114.18
Light,15,o,Cont,59.7998,0.498403,-54.5395,-0.207792,-6.23107,20,85.1351,8,14.6811,8,117.448
Light,20,S,C1,80.6028,0.674034,35.4553,0.0275403,0.826123,35,55.623,19,5.54038,21,116.348
Light,25,o,Cont,78.111,0.652105,56.6329,-1.20539,-36.1468,24,59.8914,25,4.42983,25,110.746
Light,15,S,C2,24.167,0.20142,2327.84,2.95875,88.7258,7,89.0701,0,119.983,1,119.983
Light,15,o,Cont,88.8866,0.741231,-72.168,-0.406347,-12.1856,73,54.123,15,7.10719,16,113.715
Light,20,S,C1,76.4962,0.63755,-1361.37,1.14139,34.2283,13,90.0716,21,5.35834,22,117.883
Light,15,o,Cont,48.1422,0.401237,550.332,1.21885,36.5497,25,103.844,2,39.5613,3,118.684
Light,25,S,C1,27.9271,0.232756,-104.755,2.06304,61.8656,26,55.0901,4,23.7968,5,118.984
Light,15,o,Cont,77.9759,0.659043,166.017,0.0395317,1.18613,37,57.1243,42,2.63445,43,113.281
Light,20,S,C2,67.7521,0.570862,319.384,1.18301,35.4749,26,33.4809,26,3.94765,29,114.482
Light,20,o,Cont,50.5242,0.436498,620.889,-0.590521,-17.7096,9,3.56818,21,4.99343,23,114.849
Light,25,S,C2,32.0887,0.267441,466.262,2.40385,72.0857,16,92.9395,6,16.9977,7,118.984
Light,15,o,Cont,95.6925,0.797542,643.953,-0.343259,-10.2936,28,41.9178,38,2.82941,39,110.347
Light,20,S,C1,45.3815,0.378228,605.95,0.7962,23.8759,39,87.4038,0,119.984,1,119.984
Light,25,S,C2,81.7405,0.7064,1045.53,2.29575,68.8442,31,22.8427,56,1.63559,63,103.042
Light,25,o,Cont,61.1837,0.509938,935.066,3.8787,116.313,6,118.749,30,3.73271,31,115.714
Light,20,S,C1,76.3955,0.646789,-1.19179,-0.20367,-6.10759,27,42.7509,47,2.18129,51,111.246
Light,15,S,C2,53.3484,0.444635,-174.047,-1.11271,-33.3675,13,102.976,3,29.7789,4,119.115
Light,20,S,C2,12.3646,0.103053,-663.778,0.100176,3.00406,1,38.8826,1,59.8912,2,119.782
Light,25,o,Cont,40.1108,0.334305,469.725,2.47457,74.2067,22,87.936,4,23.9298,5,119.649
Light,15,o,Cont,82.5681,0.694732,3809.91,2.70057,80.9838,27,48.82,69,1.49263,71,105.977
Light,20,S,C1,58.9406,0.491243,-157.739,0.494493,14.8287,22,68.6948,0,119.983,1,119.983
Light,15,S,C2,132.738,1.11749,91.459,0.792914,23.7777,68,68.5948,70,1.56159,70,109.311
Light,15,S,C1,59.1526,0.493003,-803.909,0.509812,15.2876,34,89.0045,5,19.7028,6,118.217
Light,25,S,C2,51.9398,0.435308,1057.2,0.730196,21.8959,28,47.2868,13,7.39898,16,118.384
Light,15,o,Cont,35.0272,0.292256,-927.609,1.53512,46.0337,12,71.5637,12,8.51076,14,119.151
Light,15,S,C1,94.0184,0.784025,-613.163,-0.909533,-27.2733,43,100.743,23,4.6617,24,111.881
Light,20,o,Cont,48.8619,0.411467,448.989,-0.0750825,-2.25039,29,79.2337,5,14.8271,8,118.617
Light,20,o,Cont,44.9169,0.374356,1051.67,1.02163,30.6358,16,87.904,2,39.9281,3,119.784
Light,15,S,C2,19.886,0.165738,5187.52,3.7117,111.303,6,94.6736,1,59.9588,2,119.918
Light,20,S,C1,87.8528,0.757683,215.459,2.02279,60.6578,50,52.9892,27,3.89936,29,113.081
Light,25,S,C2,38.0608,0.317391,-525.853,0.977408,29.3081,7,7.16971,4,23.9568,5,119.784
Light,15,o,Cont,30.2955,0.252496,-1482.31,-0.334083,-10.0178,9,110.414,1,59.9755,2,119.951
Light,15,o,Cont,99.7834,0.831647,-137.998,-0.041715,-1.25118,30,57.5904,16,6.82242,17,115.981
Light,20,S,C2,22.7715,0.192572,1009.38,-3.58969,-107.647,16,107.611,6,19.6303,6,117.782
Light,20,o,Cont,47.8238,0.399032,-403.342,-1.59199,-47.7397,38,86.1022,4,19.7915,6,118.749
Light,20,o,Cont,51.5832,0.430999,-5184.69,-3.46506,-103.909,31,36.5484,22,5.09486,23,117.182
Light,15,S,C1,80.7427,0.674076,8.05579,-0.712884,-21.3774,28,111.446,24,4.46985,25,111.746
Light,25,o,Cont,19.9103,0.165943,-2789.55,-1.40535,-42.1423,8,113.947,2,39.7609,3,119.283
Light,25,o,Cont,104.871,0.946384,-479.235,0.191705,5.74915,69,47.1528,74,1.35035,79,106.677
Light,20,S,C1,81.6616,0.68061,2.44455,-0.272039,-8.15747,48,67.7947,19,5.78405,20,115.681
Light,25,S,C1,89.2065,0.743494,-835.98,-0.975459,-29.2517,55,78.6325,32,3.48932,33,115.148
Light,15,S,C2,48.6165,0.405191,705.392,0.0948696,2.8463,20,113.615,2,39.728,3,119.184
Light,20,o,Cont,80.7889,0.678609,677.398,0.169084,5.07113,30,55.1901,62,1.75126,64,112.081
Light,20,o,Cont,80.7524,0.674336,-77.2196,-0.198089,-5.93989,40,54.7232,59,1.81966,60,109.18
Light,15,S,C1,60.5747,0.509815,134.335,-0.508628,-15.2523,25,60.6591,28,3.98675,29,115.616
Light,25,S,C1,31.0104,0.259608,1328.12,3.1367,94.0591,47,69.2961,29,3.80054,31,117.817
Light,15,S,C2,61.2328,0.512477,1629.83,0.477985,14.3337,24,57.3577,26,4.26601,27,115.182
Light,20,o,Cont,24.6395,0.205356,1864.89,-0.772742,-23.1713,3,118.584,4,23.59,5,117.95
Light,25,o,Cont,13.7847,0.114887,1025.66,2.71666,81.4648,5,119.317,4,29.9544,4,119.818
Light,20,o,Cont,60.0689,0.50064,1478.81,1.26654,37.9804,20,92.1058,6,17.0215,7,119.151
Light,25,S,C1,92.3181,0.813986,-1288.06,2.09245,62.7473,43,31.28,117,0.863112,119,102.71
Light,25,o,Cont,334.237,6.49149,5310.1,13.3545,400.464,217,26.5113,140,0.530678,81,42.9849
Light,15,o,Cont,59.2644,0.535133,-600.932,0.00297572,0.0892211,31,83.5688,31,2.50864,44,110.38
Light,20,S,C1,43.4716,0.372349,2481.3,0.361612,10.8445,29,57.4244,7,9.65688,12,115.883
Light,25,o,Cont,32.2242,0.271132,351.222,-0.930356,-27.8982,10,58.5916,7,13.1834,9,118.65
Light,25,o,Cont,8.76185,0.073025,21299.3,13.1992,395.809,0,0,0,119.984,1,119.984
Light,25,o,Cont,21.1428,0.176213,-3500.83,-0.598564,-17.9498,7,119.617,3,29.9461,4,119.784
Light,20,S,C2,45.2433,0.377077,845.373,0.717677,21.5226,9,117.883,6,16.8453,7,117.917
Light,15,o,Cont,19.1187,0.159344,-479.519,-1.58917,-47.6543,15,106.712,1,59.8588,2,119.718
Light,20,o,Cont,21.4258,0.178572,80.5218,0.0819742,2.45684,1,69.3295,9,11.9184,10,119.184
Light,20,S,C2,68.1361,0.568191,301.984,0.928981,27.8571,51,59.692,29,3.90277,30,117.083
Light,20,o,Cont,57.8709,0.48232,199.631,1.15659,34.6825,28,94.6736,15,7.41982,16,118.717
Light,25,S,C1,47.4992,0.395878,-3154.93,1.59352,47.7851,31,3.83496,24,4.69133,25,117.283
Light,20,o,Cont,45.7893,0.411846,-1988.68,-1.22514,-36.7372,17,42.4847,34,2.40247,46,110.514
Light,25,o,Cont,45.7793,0.381544,-666.303,-1.31046,-39.2971,13,59.4586,38,3.00384,39,117.15
Light,15,S,C2,11.4483,0.0954152,-455.278,-1.80155,-54.0243,0,0,0,119.984,1,119.984
Light,25,o,Cont,48.3288,0.404366,-649.813,0.58192,17.4508,26,56.3906,15,7.43441,16,118.951
Light,25,S,C2,3.34537,0.0278817,44593.3,82.8889,2485.61,0,0,0,119.984,1,119.984
Light,20,o,Cont,68.8641,0.573943,-350.341,-0.515751,-15.4666,28,78.7001,14,7.92114,15,118.817
Light,20,S,C2,41.1187,0.342701,4281.11,1.87642,56.2703,10,35.1149,8,12.698,9,114.282
Light,20,o,Cont,6.30355,0.0525364,17892.8,4.97629,149.224,0,0,0,119.984,1,119.984
Light,25,S,C2,74.1243,0.630041,-375.073,-0.138906,-4.16519,54,58.6583,37,2.67633,43,115.082
Light,20,o,Cont,94.7788,0.807431,11.7183,-0.340733,-10.2171,35,64.394,41,2.77701,40,111.081
Light,25,S,C1,18.9151,0.157647,-31.5661,2.83548,85.0289,2,117.25,0,119.984,1,119.984
Light,20,o,Cont,61.2752,0.510694,-163.775,-1.09264,-32.7648,28,57.8246,6,17.0787,7,119.551
Light,20,S,C2,40.0173,0.333525,2088.14,0.266746,7.99967,49,36.8819,7,14.5977,8,116.782
Light,25,o,Cont,26.8407,0.223705,456.47,0.607473,18.2168,19,86.8358,0,119.983,1,119.983
Light,15,o,Cont,48.6956,0.405854,-824.944,-2.51046,-75.2828,23,89.4703,17,6.50639,18,117.115
Light,15,S,C2,82.6079,0.692927,-70.8124,0.256635,7.69577,37,70.4624,22,4.17608,26,108.578
Light,15,S,C1,65.0919,0.542811,-1067.73,-1.80654,-54.1739,26,39.2495,16,6.60273,17,112.246
Light,15,o,Cont,73.7694,0.614833,1437,1.11309,33.3791,25,89.3035,11,9.75958,12,117.115
Light,20,S,C1,73.9055,0.617856,1505.99,-0.0707505,-2.12173,36,46.0857,17,6.4786,18,116.615
Light,25,o,Cont,55.7844,0.464937,1136.13,1.52732,45.801,24,83.0343,6,16.6021,7,116.215
Light,15,S,C2,46.8145,0.390177,-306.569,-1.51008,-45.2839,19,54.7226,9,11.9483,10,119.483
Light,15,o,Cont,85.5713,0.717375,716.636,0.43904,13.166,34,42.3847,25,4.75758,24,114.182
Light,20,S,C1,28.2938,0.235813,711.219,0.180928,5.4251,10,67.4953,1,59.9088,2,119.818
Light,15,o,Cont,64.0139,0.533519,1258.69,1.0657,31.9571,17,102.644,6,15.7924,7,110.547
Light,25,S,C1,19.3844,0.161558,1054.65,1.95575,58.6473,12,111.848,1,59.692,2,119.384
Light,15,o,Cont,67.5223,0.565273,-1306.21,-0.343011,-10.2862,27,49.6211,25,4.48396,26,116.583
Light,20,S,C2,77.437,0.649182,687.513,-0.803773,-24.1019,23,27.1449,45,2.39038,47,112.348
Light,20,o,Cont,17.3859,0.144901,6620.99,5.02966,150.826,0,0,1,59.9421,2,119.884
Light,25,S,C2,45.3814,0.378228,140.225,0.238004,7.13659,31,79.8339,8,13.1723,9,118.55
Light,15,o,Cont,52.4374,0.437036,-2814.78,-0.374152,-11.2195,18,55.1568,13,8.45597,14,118.384
Light,20,S,C1,34.1874,0.284932,163.11,0.289475,8.68081,20,88.4376,0,119.984,1,119.984
Light,25,S,C2,91.3446,0.786679,611.973,1.75316,52.5734,41,44.1848,53,1.90448,54,102.842
Light,25,o,Cont,45.6651,0.380598,934.799,-1.346,-40.3633,8,104.076,6,16.9355,7,118.549
Light,20,S,C1,84.9363,0.71246,-574.761,0.561108,16.8263,33,59.0242,43,2.58288,44,113.647
Light,15,S,C2,46.2807,0.390724,-1710.76,-2.04941,-61.457,26,102.375,21,4.68992,25,117.248
Light,20,S,C2,10.8274,0.0902417,7468.26,3.06599,91.9419,0,0,0,119.983,1,119.983
Light,25,o,Cont,28.547,0.237926,719.737,-0.559807,-16.7873,21,86.3687,1,59.9746,2,119.949
Light,15,o,Cont,76.2974,0.635904,-63.8671,0.773044,23.1818,26,105.043,27,3.8349,28,107.377
Light,20,S,C1,63.9991,0.533848,-637.438,-0.909251,-27.2663,20,66.9608,11,9.92351,12,119.082
Light,15,S,C2,127.618,1.08876,-215.746,0.287256,8.61416,59,51.7212,82,1.17838,92,108.411
Light,15,S,C1,59.2645,0.493935,-454.074,0.450612,13.5125,33,75.1653,3,29.8543,4,119.417
Light,25,S,C2,36.5772,0.305699,-204.985,-1.11506,-33.4374,22,91.3721,5,17.0692,7,119.484
Light,15,o,Cont,44.2126,0.368487,-447.562,-0.039051,-1.17061,22,79.6672,7,14.8938,8,119.151
Light,15,S,C1,74.9397,0.624579,498.827,0.55537,16.6541,32,106.745,8,13.0796,9,117.717
Light,20,o,Cont,19.376,0.161488,9288.65,2.32114,69.6048,2,4.6353,2,39.7613,3,119.284
Light,20,o,Cont,45.302,0.377566,-1710.21,-2.5356,-76.0359,28,88.9711,3,29.7793,4,119.117
Light,15,S,C2,31.2968,0.261349,14027.1,0.475498,14.2595,13,21.8426,19,5.89917,20,117.983
Light,20,S,C1,99.0226,0.836455,125.831,0.4897,14.6848,47,67.6287,17,6.38605,18,114.949
Light,25,S,C2,60.2861,0.50245,2010.74,1.72578,51.7514,11,2.86788,12,9.16287,13,119.117
Light,15,o,Cont,33.1729,0.276477,1113.43,0.128672,3.85876,24,77.2995,8,13.0833,9,117.75
Light,15,o,Cont,72.4686,0.604327,139.077,0.139404,4.18012,28,31.7131,16,6.84204,17,116.315
Light,20,S,C2,18.3324,0.152877,-697.854,0.990813,29.7124,3,116.882,3,29.9457,4,119.783
Light,20,o,Cont,40.2983,0.339071,-2619.06,-2.19424,-65.7998,25,81.2002,13,8.37965,14,117.315
Light,20,o,Cont,29.7201,0.247978,-428.656,-1.1265,-33.7803,13,81.7004,5,19.886,6,119.316
Light,15,S,C1,76.0516,0.633854,-404.249,0.110467,3.31224,45,103.243,16,6.87343,17,116.848
Light,25,o,Cont,25.4817,0.212377,444.619,-1.40482,-42.1274,11,90.8708,4,23.6298,5,118.149
Light,25,o,Cont,112.454,0.991245,-1159.28,-1.73387,-51.9951,54,53.989,24,4.74109,23,109.045
Light,20,S,C1,81.3373,0.677907,-523.111,-0.317263,-9.51422,30,78.2323,14,7.42306,15,111.346
Light,25,S,C1,50.2709,0.41945,1326.04,0.361822,10.8509,55,56.1232,17,6.4749,18,116.548
Light,15,S,C2,55.4885,0.462464,-834.186,-0.76397,-22.9092,27,84.8694,3,29.8627,4,119.451
Light,20,o,Cont,72.9802,0.635446,-143.167,0.164793,4.94045,41,48.5206,62,1.56096,68,106.145
Light,20,o,Cont,85.3741,0.712733,-96.5087,0.244107,7.31976,24,60.4924,52,1.88542,52,98.0417
Light,15,S,C1,85.3867,0.727625,-196.688,0.675658,20.261,54,52.1221,66,1.48856,69,102.71
Light,25,S,C1,22.3393,0.186185,2833.57,3.13628,94.0494,0,0,0,119.984,1,119.984
Light,15,S,C2,59.3574,0.495536,-428.44,-0.841773,-25.2423,23,49.0208,18,6.06554,18,109.18
Light,20,o,Cont,23.315,0.194317,2387.37,4.69003,140.641,7,21.7426,4,23.7434,5,118.717
Light,25,o,Cont,16.108,0.134251,5777.56,4.28572,128.516,1,115.783,1,59.8921,2,119.784
Light,20,o,Cont,59.2332,0.493674,-824.035,-0.523596,-15.7002,25,71.2636,4,23.9168,5,119.584
Light,25,S,C1,76.9795,0.671048,5590.14,0.300899,9.02253,64,37.0157,97,1.00995,105,106.045
Light,25,o,Cont,25.4823,0.215677,1642.58,0.374658,11.2361,0,0,5,11.9017,10,119.017
Light,15,o,Cont,53.7285,0.471379,-1127.62,-1.56012,-46.7815,23,67.8622,32,2.68844,42,112.915
Light,20,S,C1,56.6189,0.479753,-20.0546,1.2967,38.8839,63,45.3192,22,4.12675,28,115.549
Light,25,o,Cont,32.8228,0.276169,-2270.74,-1.46459,-43.919,17,30.9465,21,4.90347,24,117.683
Light,25,o,Cont,8.66628,0.0722284,26619.9,16.3711,490.925,0,0,0,119.984,1,119.984
Dark,25,o,Cont,83.0336,0.693688,753.633,0.369633,11.0891,59,58.8661,37,2.71401,38,103.132
Dark,25,o,Cont,46.4495,0.388702,835.702,-0.267545,-8.02643,40,78.3659,35,3.15673,37,116.799
Dark,25,o,Cont,50.0944,0.418737,-469.721,-0.429938,-12.8983,23,110.099,8,14.8832,8,119.065
Dark,25,L,C1,50.6803,0.433416,-505.214,-1.71022,-51.307,40,62.266,51,2.17177,52,112.932
Dark,25,o,Cont,96.4631,0.81496,197.723,-0.45832,-13.7497,45,90.2658,30,3.28434,32,105.099
Dark,20,L,C1,44.1017,0.368952,-170.477,-1.38101,-41.4307,22,83.4658,55,2.06962,56,115.899
Dark,25,L,C1,28.9181,0.241254,854.672,-0.542716,-16.2816,18,102.966,8,13.2739,9,119.465
Dark,20,L,C1,102.491,0.870545,86.0302,-1.33215,-39.9648,26,58.4661,35,2.68736,37,99.4323
Dark,20,o,Cont,17.899,0.149326,-4395.76,1.72023,51.6075,5,115.632,8,13.1851,9,118.665
Dark,25,L,C1,135.137,1.17172,-52.1767,1.37432,41.2301,46,60.6661,59,1.05875,59,62.466
Dark,20,o,Cont,70.4901,0.588404,-552.444,-0.571755,-17.1528,18,65.2993,21,5.19042,21,108.999
Dark,20,L,C1,148.905,1.26263,-54.8303,-0.411515,-12.3456,89,65.1327,59,0.58926,59,34.7663
Dark,25,o,Cont,47.4449,0.397254,-248.587,-0.302285,-9.06865,9,105.299,12,9.91101,12,118.932
Dark,25,L,C1,22.462,0.187393,3810.27,1.80634,54.1906,2,115.566,1,59.9494,2,119.899
Dark,20,o,Cont,43.629,0.364998,-1638.19,-1.01074,-30.3225,26,83.4658,16,6.58697,18,118.565
Dark,20,L,C1,5.30528,0.0442603,26420.1,144.467,4334.06,1,119.999,0,119.999,1,119.999
Dark,20,o,Cont,76.9936,0.646649,-260.984,-1.24815,-37.445,43,79.6992,45,2.42764,47,114.099
Dark,20,o,Cont,16.9444,0.141362,-424.404,-0.90392,-27.1179,13,57.9661,2,39.9774,3,119.932
Dark,20,L,C1,23.0498,0.192297,-1798.11,0.931835,27.9553,81,57.4661,1,59.9827,2,119.965
Dark,25,L,C1,44.1431,0.368272,49.8952,0.688848,20.6656,17,87.8658,11,9.55824,12,114.699
Dark,25,o,Cont,88.551,0.745177,-389.955,-1.0702,-32.1063,42,54.1661,72,1.38218,73,100.899
Dark,25,L,C1,62.507,0.529576,-1620.73,-0.845867,-25.3763,57,54.4661,78,1.40249,80,112.199
Dark,20,o,Cont,76.7296,0.685501,-140.472,0.377578,11.3274,25,71.166,19,3.84401,28,107.632
Dark,25,L,C1,100.8,0.844228,-57.1638,0.492918,14.7877,55,64.6327,47,2.25388,47,105.932
Dark,25,o,Cont,53.1258,0.452653,2043.28,-0.836305,-25.0894,42,79.6325,44,2.52664,45,113.699
Dark,20,o,Cont,65.3539,0.554792,-501.055,-0.929135,-27.8743,84,56.2328,66,1.58284,70,110.799
Dark,25,o,Cont,65.3824,0.574208,-399.084,-0.617646,-18.5296,85,69.6993,76,1.21378,87,105.599
Dark,15,L,C1,21.3724,0.178303,2695.37,3.57608,107.284,1,2.29998,0,119.999,1,119.999
Dark,25,L,C2,67.2245,0.562083,-192.872,0.309787,9.2937,26,106.799,17,6.72542,17,114.332
Dark,25,o,Cont,46.9961,0.398276,-934.258,0.710696,21.3211,31,72.0659,21,4.50252,26,117.065
Dark,20,L,C2,8.62593,0.0719634,-5810.01,-0.843927,-25.3181,1,119.999,0,119.999,1,119.999
Dark,20,o,Cont,15.6963,0.130949,878.473,-1.02876,-30.8631,1,119.999,2,39.9329,3,119.799
Dark,15,L,C1,70.4294,0.604551,-401.612,-0.245068,-7.3521,46,91.0324,34,2.75524,38,104.699
Dark,15,o,Cont,81.0018,0.680122,-128.617,0.0490815,1.47246,39,36.133,53,1.99998,54,107.999
Dark,15,o,Cont,71.9366,0.600144,754.078,0.910876,27.3266,38,84.1992,24,4.50129,25,112.532
Dark,25,L,C2,127.083,1.06584,27.016,-0.706304,-21.1893,78,53.2328,47,1.73109,45,77.8992
Dark,25,L,C2,88.6144,0.767453,4.54627,0.584278,17.5285,131,65.9327,95,1.03563,101,104.599
Dark,15,o,Cont,23.3249,0.194701,1616.28,-0.4434,-13.3021,18,117.832,15,7.30618,16,116.899
Dark,25,L,C2,59.2454,0.505943,-567.222,0.0082599,0.2478,50,74.0659,32,3.29899,34,112.166
Dark,15,o,Cont,29.7256,0.24813,1622.59,2.08457,62.5378,31,106.599,38,3.01108,39,117.432
Dark,25,L,C2,58.7508,0.492193,-1489.38,0.223656,6.70974,27,33.533,79,1.36995,81,110.966
Dark,25,L,C2,104.472,0.871578,58.1543,1.85174,55.5526,43,71.166,29,3.23568,28,90.5991
Dark,15,o,Cont,93.7329,0.784384,-391.504,-1.0111,-30.3332,63,77.6992,29,3.69077,29,107.032
Dark,20,L,C2,0.970265,0.00809462,7888.96,149.645,4489.39,0,0,0,119.999,1,119.999
Dark,15,o,Cont,47.5584,0.396765,-242.557,0.990237,29.7074,24,91.2658,24,4.69862,25,117.465
Dark,20,L,C2,100.543,0.844433,-38.4709,0.607796,18.2341,32,78.9992,62,1.47794,62,91.6324
Dark,20,L,C2,45.9897,0.392296,556.645,0.932288,27.9689,30,91.4658,21,4.32465,27,116.765
Dark,20,L,C2,36.8485,0.311575,-2857.2,0.922313,27.6697,59,51.0662,23,4.49739,26,116.932
Dark,25,L,C3,45.5699,0.382409,1331.8,-1.56081,-46.8247,67,67.566,26,4.1952,28,117.465
Dark,15,L,C2,47.2924,0.415457,-1384.25,-0.0218428,-0.65529,34,48.4995,48,2.05877,55,113.232
Dark,20,L,C3,25.1734,0.209897,1233.42,-0.515221,-15.4568,7,92.7657,3,29.933,4,119.732
Dark,15,o,Cont,106.165,0.929649,-199.566,-1.90048,-57.0149,89,63.1327,64,1.17523,70,82.2658
Dark,20,L,C3,22.3036,0.191121,-381.331,2.25465,67.6402,11,97.7324,11,8.32849,14,116.599
Dark,25,L,C3,65.4477,0.639352,421.469,0.166734,5.00207,41,31.0664,62,1.26276,77,97.2324
Dark,15,L,C3,0.0392039,0.000326884,9182.75,180,5400.05,0,0,0,119.999,1,119.999
Dark,15,L,C2,45.4884,0.3867,897.495,0.453517,13.6057,57,52.8328,41,2.50215,46,115.099
Dark,25,L,C3,51.0581,0.440034,25.3036,0.112753,3.38261,58,79.3325,42,2.46592,46,113.432
Dark,15,o,Cont,10.7736,0.0898311,1325.18,-1.05093,-31.5283,1,119.999,0,119.999,1,119.999
Dark,15,L,C2,59.7269,0.50093,-472.573,-1.0476,-31.4283,26,74.6326,18,5.89161,20,117.832
Dark,25,L,C3,36.1306,0.303962,-530.423,-0.639941,-19.1984,36,76.7992,26,4.70129,25,117.532
Dark,25,L,C3,1.61663,0.0134871,35536.4,128.126,3843.83,1,0.033333,1,59.9661,2,119.932
Dark,15,L,C2,38.9657,0.325713,554.164,-0.813751,-24.4128,51,34.4663,46,2.52606,46,116.199
Dark,20,L,C3,30.5022,0.259449,-788.922,-2.3507,-70.5216,14,80.1992,17,5.86661,20,117.332
Dark,15,L,C3,13.4102,0.111877,-2585.21,-2.16597,-64.9799,1,119.999,5,19.922,6,119.532
Dark,20,L,C2,50.1677,0.418533,14.0429,-0.532249,-15.9676,50,78.3992,45,2.53476,46,116.599
Dark,25,L,C3,23.5156,0.203307,966.395,4.43097,132.93,27,46.4995,13,7.67992,15,115.199
Dark,15,L,C2,51.1588,0.432332,-267.802,-1.71029,-51.3093,25,73.2993,22,4.17258,28,116.832
Dark,15,L,C3,17.5316,0.146261,-553.396,0.357152,10.7147,7,110.866,1,59.9827,2,119.965
Dark,25,L,C3,70.0736,0.584602,-303.204,-0.259555,-7.78671,64,50.2328,56,1.99238,57,113.566
Dark,15,L,C3,54.7937,0.460456,-1196.16,-0.876971,-26.3094,24,75.3326,35,3.22867,36,116.232
Dark,15,L,C2,17.5443,0.146366,8815.31,18.8951,566.859,0,0,1,59.9327,2,119.865
Dark,20,L,C3,111.625,0.962016,-287.013,0.0194569,0.583712,42,40.9996,40,1.92998,40,77.1992
Dark,20,L,C3,104.989,0.890247,-146.848,-0.616223,-18.4869,86,32.3997,50,1.78825,54,96.5657
Dark,25,LT,LT,14.1707,0.118156,1672.62,-0.545915,-16.3776,1,119.999,1,59.9661,2,119.932
Dark,25,LT,LT,43.2913,0.361266,399.745,0.0578732,1.73621,15,69.8326,4,23.8931,5,119.465
Dark,25,LT,LT,1.50664,0.0125695,12801,167.02,5010.66,0,0,0,119.999,1,119.999
Dark,25,LT,LT,50.514,0.424016,2780.42,0.525326,15.7599,14,42.5996,16,6.93719,17,117.932
Dark,20,LT,LT,32.2709,0.269226,1311.89,-0.259543,-7.78637,34,108.732,12,9.13324,13,118.732
Dark,15,LT,LT,0.186149,0.00155298,13950.9,180,5400.05,5,0.166665,0,119.999,1,119.999
Dark,25,LT,LT,12.7533,0.106397,17007.8,82.6704,2480.14,0,0,2,39.9663,3,119.899
Dark,20,LT,LT,16.8208,0.140331,-3224.98,0.257292,7.71884,1,119.999,0,119.999,1,119.999
Dark,15,LT,LT,68.6004,0.585833,1488.04,0.466282,13.9886,30,77.5659,36,2.78914,40,111.566
Dark,20,LT,LT,15.808,0.132176,3531.48,1.25926,37.778,5,119.099,4,29.733,4,118.932
Dark,15,LT,LT,29.2197,0.246929,427.035,-0.823118,-24.6938,27,102.032,37,3.05523,38,116.099
Dark,25,S,C3,64.1667,0.537565,482.766,-0.0901262,-2.70381,66,85.3991,36,3.0306,37,112.132
Dark,20,LT,LT,86.7387,0.766476,-1024.4,-1.24382,-37.315,74,82.2992,55,1.93331,57,110.199
Dark,15,LT,LT,69.2967,0.635368,63.7782,-1.07892,-32.3678,90,60.0327,59,1.55587,68,105.799
Dark,20,LT,LT,71.4896,0.601096,500.072,0.56898,17.0696,27,66.6993,39,2.71542,41,111.332
Dark,25,S,C3,22.1328,0.184647,-1339.83,0.620285,18.6088,8,117.665,5,19.8054,6,118.832
Dark,15,S,C3,60.6251,0.514067,-88.7119,0.675547,20.2666,79,52.3995,76,1.39165,80,111.332
Dark,25,S,C3,95.6043,0.809072,-107.247,0.939227,28.1771,75,73.9659,49,2.18721,47,102.799
Dark,25,S,C3,41.4553,0.346041,-619.253,-1.46985,-44.0959,38,89.9991,15,7.31243,16,116.999
Dark,15,S,C3,17.7492,0.148076,2192.51,3.35316,100.596,32,114.799,5,19.9276,6,119.565
Dark,15,S,C3,15.6888,0.130887,807.09,0.70518,21.1556,1,119.999,0,119.999,1,119.999
Dark,25,S,C3,59.4972,0.498029,-219.427,-0.925616,-27.7687,34,83.4992,25,4.52303,26,117.599
Dark,25,S,C3,38.1682,0.320655,-121.918,-1.1252,-33.7562,34,45.1329,41,2.84144,41,116.499
Dark,15,S,C3,78.956,0.660911,-171.346,-0.898254,-26.9479,61,84.6325,32,3.31916,33,109.532
Dark,15,S,C3,13.193,0.110065,-3598.99,-1.78026,-53.4085,1,119.999,0,119.999,1,119.999
Dark,25,S,C3,43.0458,0.362545,-26.516,-0.0605283,-1.81587,16,78.3659,24,4.46662,26,116.132
Dark,20,S,C3,39.5047,0.329942,-902.718,-0.0575223,-1.72569,57,64.3994,37,3.06313,38,116.399
Dark,20,S,C3,51.6984,0.471275,304.985,0.255523,7.66578,37,88.0658,29,2.39201,46,110.032
Dark,20,S,C3,4.25588,0.0355055,86.0888,0.52372,15.7118,2,0.433329,4,23.9464,5,119.732
Dark,20,S,C3,20.521,0.171296,-465.53,-1.18733,-35.6203,6,119.132,4,23.9531,5,119.765
Dark,25,o,Cont,97.4014,0.823118,-156.926,2.02974,60.8929,70,56.2994,66,1.28282,66,84.6658
Dark,25,o,Cont,63.5286,0.537927,-1144.3,-0.832067,-24.9623,34,71.0326,41,2.61188,42,109.699
Dark,25,o,Cont,63.6996,0.544291,-547.846,-0.0868623,-2.6059,44,67.2993,42,2.52876,44,111.266
Dark,25,L,C1,49.9042,0.416103,765.868,0.289891,8.6968,29,41.9996,12,9.05376,13,117.699
Dark,25,o,Cont,128.195,1.07638,40.8152,-0.23103,-6.93098,70,59.8994,46,1.35578,46,62.366
Dark,20,L,C1,62.8485,0.530372,-371.451,0.336046,10.0815,58,74.5659,66,1.65172,67,110.666
Dark,25,L,C1,43.3887,0.363292,514.602,-0.0899864,-2.69962,23,71.3993,18,6.20696,19,117.932
Dark,20,L,C1,99.6195,0.847834,-124.25,-0.526393,-15.7919,32,58.9994,50,1.92451,53,101.999
Dark,20,o,Cont,17.0261,0.141964,69.6154,2.21281,66.3848,3,116.765,6,16.9332,7,118.532
Dark,25,L,C1,170.765,1.51121,58.3718,2.88824,86.6482,44,45.9995,52,0.566661,38,21.5331
Dark,20,o,Cont,122.316,1.01988,-70.2071,-1.55129,-46.5391,29,55.0328,48,1.36053,49,66.666
Dark,20,L,C1,194.176,1.62492,-14.8328,-2.91942,-87.5835,74,32.233,31,0.553328,30,16.5998
Dark,25,o,Cont,71.5493,0.596914,-306.775,-0.918032,-27.5412,17,70.5326,10,10.2696,11,112.966
Dark,25,L,C1,23.2943,0.194716,985.894,-0.980758,-29.423,75,86.7325,15,7.38326,16,118.132
Dark,20,o,Cont,66.0391,0.556984,509.908,-0.00988498,-0.296552,47,63.766,80,1.32273,85,112.432
Dark,20,L,C1,12.5774,0.104871,16706,99.4808,2984.45,1,119.999,0,119.999,1,119.999
Dark,20,o,Cont,113.2,0.978963,-68.713,-2.11863,-63.5595,66,48.0662,75,1.14154,73,83.3325
Dark,20,o,Cont,33.3776,0.279625,-1835.68,0.342539,10.2763,10,20.0331,45,2.4709,47,116.132
Dark,20,L,C1,29.9072,0.249993,-641.014,-1.43667,-43.1006,15,42.4329,10,9.86935,12,118.432
Dark,25,L,C1,66.893,0.558067,-34.8288,0.494294,14.829,19,88.6658,31,3.34684,32,107.099
Dark,25,o,Cont,91.414,0.776018,319.943,0.169807,5.09426,55,48.2662,105,0.928922,106,98.4657
Dark,25,L,C1,70.7433,0.607245,-392.911,-0.0533145,-1.59945,36,56.2328,48,2.16599,51,110.466
Dark,20,o,Cont,83.9543,0.765782,154.403,1.29705,38.9118,28,54.1328,39,2.17657,47,102.299
Dark,25,L,C1,61.7744,0.515364,204.821,0.759774,22.7935,23,88.2991,21,5.38566,21,113.099
Dark,25,o,Cont,53.6328,0.46409,655.807,0.212752,6.38263,41,73.3993,37,2.43718,43,104.799
Dark,20,o,Cont,85.1236,0.722006,508.173,0.250978,7.52943,46,49.5328,43,2.41775,45,108.799
Dark,25,o,Cont,102.259,0.857165,112.878,-1.48257,-44.4776,76,58.9327,44,1.96813,45,88.5658
Dark,15,L,C1,43.4306,0.415079,-2543.26,-0.17584,-5.27526,40,19.9331,38,2.77385,37,102.632
Dark,25,L,C2,132.444,1.11863,-117.399,-1.77978,-53.394,74,62.2994,52,1.35065,50,67.5327
Dark,25,o,Cont,88.9047,0.789336,-54.4063,1.44891,43.4678,38,27.5997,31,2.4769,39,96.599
Dark,20,L,C2,14.166,0.118347,-5505.09,-0.70875,-21.2627,2,116.965,4,19.9165,6,119.499
Dark,20,o,Cont,13.0331,0.108671,1974.47,-0.467253,-14.0177,1,119.999,1,59.9661,2,119.932
Dark,15,L,C1,80.9823,0.678061,106.446,0.518003,15.5402,61,89.5991,42,2.67497,40,106.999
Dark,15,o,Cont,83.7794,0.705023,-121.36,0.495833,14.8751,45,65.266,30,3.28122,32,104.999
Dark,15,o,Cont,116.569,0.971959,736.097,0.079561,2.38685,38,93.8657,47,1.43193,48,68.7326
Dark,25,L,C2,155.627,1.30817,66.0812,2.33232,69.9703,79,36.133,44,1.20154,43,51.6661
Dark,25,L,C2,111.443,0.960453,40.4602,1.25797,37.7394,123,52.0995,93,0.866998,98,84.9658
Dark,15,o,Cont,16.2125,0.135181,6531.86,-1.68073,-50.4224,18,115.099,6,16.9998,7,118.999
Dark,25,L,C2,58.5379,0.489862,-301.372,-1.57344,-47.2038,18,85.2658,11,9.07683,13,117.999
Dark,15,o,Cont,30.8088,0.257172,1752.45,0.670645,20.1195,15,110.432,20,5.90327,20,118.065
Dark,25,L,C2,74.5333,0.625285,651.826,-0.985367,-29.5613,33,81.2325,23,4.16786,27,112.532
Dark,25,L,C2,131.98,1.10168,-74.7153,2.3949,71.8477,48,48.9328,44,1.42813,45,64.266
Dark,15,o,Cont,102.943,0.860738,261.424,0.591554,17.7468,66,86.6325,38,2.45297,39,95.6657
Dark,20,L,C2,1.82848,0.015246,11824.1,179.747,5392.45,0,0,0,119.999,1,119.999
Dark,15,o,Cont,67.6923,0.564736,208.63,0.500148,15.0046,31,96.799,29,3.58219,30,107.466
Dark,20,L,C2,152.257,1.34425,31.3172,2.63331,79.0001,73,54.5995,66,0.561822,62,34.833
Dark,20,L,C2,59.4487,0.504092,185.881,0.214791,6.44378,75,66.4993,39,2.63098,43,113.132
Dark,20,L,C2,45.2399,0.393395,-51.4676,1.23664,37.0996,59,47.4995,40,2.43766,46,112.132
Dark,25,L,C3,43.1442,0.360439,-1176.7,2.12883,63.8655,62,62.7994,9,10.8211,11,119.032
Dark,15,L,C2,41.9389,0.354816,882.086,0.307345,9.22045,25,69.466,23,4.64395,25,116.099
Dark,20,L,C3,37.6559,0.320661,-879.461,-1.1596,-34.7885,42,62.7327,15,5.54756,21,116.499
Dark,15,o,Cont,95.4266,0.807339,-289.394,-1.79955,-53.9871,84,69.5993,50,2.02798,50,101.399
Dark,20,L,C3,58.0618,0.576206,-342.438,0.776938,23.3084,67,64.5994,32,3.12497,32,99.999
Dark,25,L,C3,82.7047,0.784682,-657.409,0.125628,3.76887,40,37.4996,73,1.09156,87,94.9657
Dark,15,L,C3,1.09925,0.00916558,11816.2,180,5400.05,1,0.033333,1,59.9661,2,119.932
Dark,15,L,C2,38.0842,0.317548,-176.191,0.0806582,2.41977,29,59.7327,18,6.20871,19,117.965
Dark,25,L,C3,72.1564,0.611674,-419.911,-0.05481,-1.64432,48,65.266,29,3.20502,33,105.766
Dark,15,o,Cont,16.5446,0.13795,-2122.16,-0.894488,-26.8349,1,119.999,0,119.999,1,119.999
Dark,15,L,C2,59.2504,0.496101,380.412,-0.0262249,-0.786755,32,91.5991,17,6.45179,18,116.132
Dark,25,L,C3,36.1706,0.301592,1003.04,2.84186,85.2566,20,56.8328,17,6.59993,18,118.799
Dark,25,L,C3,18.7008,0.155928,-2725.17,0.21865,6.55957,1,119.999,1,59.9494,2,119.899
Dark,15,L,C2,53.7669,0.458766,-682.516,-0.749787,-22.4938,38,49.8662,69,1.5283,73,111.566
Dark,20,L,C3,74.2285,0.626231,-329.583,1.34012,40.2041,36,51.0328,31,3.24605,34,110.366
Dark,15,L,C3,20.7052,0.172641,2374.15,3.36157,100.848,1,119.999,0,119.999,1,119.999
Dark,20,L,C2,77.9871,0.656096,154.806,-0.375321,-11.2597,97,43.4662,109,0.966359,112,108.232
Dark,25,L,C3,33.2617,0.277646,1769.3,5.80692,174.209,14,44.5662,7,14.9457,8,119.565
Dark,15,L,C2,89.6106,0.760278,-123.455,0.653436,19.6033,36,51.8661,45,2.37109,45,106.699
Dark,15,L,C3,33.8332,0.282102,-2108.48,-1.70451,-51.1359,22,107.066,20,5.60471,21,117.699
Dark,25,L,C3,72.2616,0.60998,78.6441,0.878847,26.3657,46,63.2327,46,2.34324,47,110.132
Dark,15,L,C3,78.8737,0.658751,423.498,-1.31724,-39.5175,18,50.5662,22,4.97531,23,114.432
Dark,15,L,C2,6.72643,0.0560853,26496.3,158.326,4749.84,0,0,0,119.999,1,119.999
Dark,20,L,C3,142.831,1.22253,-102.007,-0.575822,-17.2748,51,60.6661,46,1.25332,45,56.3994
Dark,20,L,C3,105.898,0.89141,-221.783,0.516586,15.4977,83,46.4329,49,1.83998,50,91.9991
Dark,25,LT,LT,12.1125,0.100994,4569.05,3.3499,100.498,1,119.999,0,119.999,1,119.999
Dark,25,LT,LT,59.7677,0.498346,-150.562,-0.593819,-17.8147,29,74.6993,5,19.6554,6,117.932
Dark,25,LT,LT,2.45293,0.0204527,13314.4,173.329,5199.92,0,0,0,119.999,1,119.999
Dark,25,LT,LT,48.3884,0.403465,533.832,-1.7397,-52.1916,20,63.866,12,9.0076,13,117.099
Dark,20,LT,LT,35.2163,0.293635,-502.634,1.71059,51.3181,17,102.932,6,17.0998,7,119.699
Dark,15,LT,LT,4.09353,0.0341321,3611.4,50.3189,1509.58,62,2.16664,1,59.9661,2,119.932
Dark,25,LT,LT,4.16879,0.0347596,39278.2,110.676,3320.31,0,0,0,119.999,1,119.999
Dark,20,LT,LT,20.258,0.168912,1722.13,0.568875,17.0664,1,119.999,0,119.999,1,119.999
Dark,15,Dark-Light,LT,101.861,0.855023,-91.2406,0.264162,7.92493,46,66.7993,50,1.71409,52,89.1324
Dark,20,LT,LT,14.8622,0.123921,-371.227,-1.76373,-52.9123,1,119.999,1,59.9161,2,119.832
Dark,15,LT,LT,21.5745,0.179889,-45.2991,-1.89374,-56.8127,7,112.132,3,29.7914,4,119.165
Dark,25,S,C3,81.7096,0.683579,78.5623,1.10216,33.0651,69,87.9991,37,2.63331,39,102.699
Dark,20,LT,LT,49.0467,0.427862,-428.908,0.667627,20.029,22,95.2657,20,5.09843,22,112.166
Dark,15,LT,LT,86.0542,0.749609,-172.137,-0.464697,-13.9411,81,50.4995,46,2.15798,50,107.899
Dark,20,LT,LT,78.4077,0.669586,138.551,-0.272025,-8.16084,31,70.466,56,1.76546,56,98.8657
Dark,25,S,C3,20.2673,0.16899,3167.1,2.93878,88.1644,3,119.432,1,59.5994,2,119.199
Dark,15,S,C3,44.7542,0.375249,1012.36,0.127425,3.82278,34,83.9658,26,4.04709,29,117.365
Dark,25,S,C3,109.086,0.962251,41.4601,0.0758394,2.2752,77,68.966,60,1.33762,62,82.9325
Dark,25,S,C3,59.0974,0.494682,1772.55,1.5171,45.5133,58,83.8992,27,3.95234,28,110.666
Dark,15,S,C3,17.2387,0.143738,2196.44,4.25016,127.506,2,119.965,7,14.9374,8,119.499
Dark,15,S,C3,23.0534,0.19222,644.298,4.11499,123.451,1,119.999,0,119.999,1,119.999
Dark,25,S,C3,92.7481,0.806046,23.2883,-0.894216,-26.8267,56,48.7662,45,2.01731,50,100.866
Dark,25,S,C3,40.3575,0.336503,-1760.92,1.26585,37.9758,24,46.4329,25,4.4756,26,116.366
Dark,15,S,C3,95.3065,0.811357,-1273.61,-0.639769,-19.1933,85,76.4659,49,1.98731,50,99.3657
Dark,15,S,C3,16.2124,0.13518,-207.213,1.99705,59.9121,1,119.999,0,119.999,1,119.999
Dark,25,S,C3,93.0201,0.776038,-329.307,-0.0980744,-2.94226,24,48.3329,44,2.1459,45,96.5657
Dark,20,S,C3,44.9966,0.376545,-1277.08,-0.841598,-25.2482,30,80.7659,40,2.8333,41,116.166
Dark,20,S,C3,101.755,0.951283,-645.547,0.988245,29.6477,69,46.4662,67,1.04637,69,72.1993
Dark,20,S,C3,8.61573,0.0718783,9333.41,6.51994,195.6,9,11.7665,6,16.976,7,118.832
Dark,20,S,C3,36.585,0.309085,562.036,0.632021,18.9608,22,81.3659,22,4.47303,26,116.299
Dark,25,o,Cont,116.092,0.971219,-392.275,1.18965,35.6899,92,66.3993,110,0.689084,110,75.7992
Dark,25,o,Cont,62.5256,0.52543,263.494,-0.883855,-26.5159,40,66.566,34,3.25235,35,113.832
Dark,25,o,Cont,65.8509,0.550598,-57.7581,0.65206,19.562,47,77.1326,29,3.75441,30,112.632
Dark,25,L,C1,52.5512,0.439028,455.878,1.33042,39.9131,10,5.23328,11,9.5999,12,115.199
Dark,25,o,Cont,119.254,1.00666,-103.551,-0.282981,-8.48953,64,68.3327,69,0.93429,69,64.466
Dark,20,L,C1,65.5365,0.548122,-63.3192,1.26336,37.9011,43,48.8995,63,1.77617,63,111.899
Dark,25,L,C1,67.3395,0.561792,177.867,0.977463,29.3242,24,33.133,13,8.13801,14,113.932
Dark,20,L,C1,138.543,1.20091,-113.449,0.15484,4.64526,30,52.8328,46,1.85071,46,85.1325
Dark,20,o,Cont,18.5988,0.155078,-1903.64,0.598693,17.961,2,119.965,4,23.7998,5,118.999
Dark,25,L,C1,164.414,1.4414,38.7375,3.39807,101.943,47,49.1995,47,0.580696,38,22.0664
Dark,20,o,Cont,131.026,1.0925,228.946,2.28979,68.6944,35,66.0327,52,1.30768,52,67.9993
Dark,20,L,C1,207.88,1.77021,9.387,-3.77745,-113.325,66,32.8663,29,0.282664,25,7.0666
Dark,25,o,Cont,65.2846,0.544649,-129.223,-0.450773,-13.5233,15,88.9324,22,4.52459,23,104.066
Dark,25,L,C1,27.6368,0.230565,1471.34,3.63086,108.927,12,86.6658,21,5.64439,21,118.532
Dark,20,o,Cont,49.4061,0.414485,70.1527,-0.105638,-3.16918,28,64.766,35,3.24626,36,116.865
Dark,20,L,C1,23.6764,0.197415,10432,70.2259,2106.8,1,119.999,0,119.999,1,119.999
Dark,20,o,Cont,121.774,1.06261,470.742,-1.73591,-52.0778,62,53.9328,76,0.910467,70,63.7327
Dark,20,o,Cont,31.2795,0.261246,-1384.52,2.01391,60.4178,7,81.8658,23,4.90967,24,117.832
Dark,20,L,C1,31.6243,0.263832,-2512.08,-1.88331,-56.4999,10,42.6662,5,19.8387,6,119.032
Dark,25,L,C1,74.0807,0.618893,-157.341,0.472181,14.1656,17,92.7657,46,2.17657,47,102.299
Dark,25,o,Cont,97.4064,0.818779,269.293,-0.937312,-28.1196,28,58.4994,55,1.47718,57,84.1992
Dark,25,L,C1,75.0462,0.637431,-85.6811,-2.00727,-60.2188,33,49.6328,47,2.24731,50,112.366
Dark,20,o,Cont,83.9671,0.811024,54.3106,1.02082,30.6249,32,55.4994,46,1.65573,58,96.0324
Dark,25,L,C1,73.307,0.614825,-401.631,-0.904084,-27.1228,34,71.6659,48,2.23331,47,104.966
Dark,25,o,Cont,72.6556,0.65358,966.736,-0.595864,-17.8761,84,54.1328,77,1.2059,79,95.2657
Dark,20,o,Cont,89.476,0.752539,42.5545,0.618544,18.5565,57,47.2662,53,2.00739,54,108.399
Dark,25,o,Cont,103.678,0.864473,-197.272,0.440182,13.2056,64,47.5662,45,1.98621,46,91.3658
Dark,15,L,C1,21.5777,0.179916,-1058.68,-0.0904785,-2.71438,0,0,0,119.999,1,119.999
Dark,25,L,C2,137.743,1.15687,71.9884,-1.74367,-52.3107,74,41.9662,37,1.52734,39,59.5661
Dark,25,o,Cont,98.832,0.829136,-392.353,1.27028,38.1089,24,11.0999,26,3.67139,28,102.799
Dark,20,L,C2,18.0134,0.150197,2993.27,-0.524921,-15.7478,3,117.732,3,29.883,4,119.532
Dark,20,o,Cont,11.9433,0.0995834,2063.23,1.0226,30.6784,1,119.999,0,119.999,1,119.999
Dark,15,L,C1,81.2728,0.686819,23.9677,-0.672419,-20.1728,78,82.8325,37,2.95616,35,103.466
Dark,15,o,Cont,79.4004,0.671374,998.787,1.10671,33.2015,58,54.3661,42,2.37257,45,106.766
Dark,15,o,Cont,127.012,1.05903,203.333,-1.96524,-58.9577,38,89.4324,55,1.05951,56,59.3327
Dark,25,L,C2,163.871,1.37132,-115.583,-0.824909,-24.7475,54,26.1997,29,0.557466,29,16.1665
Dark,25,L,C2,105.327,0.905396,357.111,1.20605,36.182,109,55.2328,87,1.01722,89,90.5324
Dark,15,o,Cont,16.5995,0.138407,-145.054,-0.51734,-15.5204,3,119.832,8,13.2295,9,119.065
Dark,25,L,C2,97.5438,0.834429,390.259,1.02954,30.8865,35,18.1665,36,2.69581,40,107.832
Dark,15,o,Cont,36.5022,0.305546,1428.78,-0.690206,-20.7064,39,102.532,25,4.21067,28,117.899
Dark,25,L,C2,73.591,0.62578,-1383.63,1.16613,34.9842,119,84.4658,21,4.38396,25,109.599
Dark,25,L,C2,134.24,1.12242,-107.623,2.45446,73.6346,50,57.5328,52,0.99433,53,52.6995
Dark,15,o,Cont,106.603,0.895334,33.9603,-1.21066,-36.3201,66,79.1992,49,1.92151,48,92.2324
Dark,20,L,C2,3.97586,0.0331509,11024.3,178.098,5343,0,0,0,119.999,1,119.999
Dark,15,o,Cont,68.8056,0.574023,-247.452,0.58694,17.6084,30,92.6991,34,2.99521,35,104.832
Dark,20,L,C2,167.617,1.45967,207.22,3.18332,95.5006,62,48.9328,60,0.363633,55,19.9998
Dark,20,L,C2,57.2475,0.490838,-869.68,0.286228,8.58694,56,77.4992,23,3.90353,28,109.299
Dark,20,L,C2,37.3748,0.312241,-965.845,-2.17245,-65.1742,18,15.6998,22,5.10864,23,117.499
Dark,25,L,C3,50.8727,0.425243,-630.487,-0.378969,-11.3692,42,53.0328,17,6.94307,17,118.032
Dark,15,L,C2,43.5124,0.376409,-931.114,1.58756,47.6273,17,67.766,22,4.18144,27,112.899
Dark,20,L,C3,41.3276,0.345167,-2123.99,0.315033,9.45109,27,60.9661,28,4.00916,29,116.266
Dark,15,o,Cont,110.119,0.939595,-204.441,-0.188283,-5.64856,67,40.2663,60,1.48554,60,89.1324
Dark,20,L,C3,69.3251,0.67613,-254.265,-0.564648,-16.9396,59,60.8661,37,2.2385,45,100.732
Dark,25,L,C3,70.9443,0.736708,-547.989,0.182823,5.48474,49,31.5664,66,1.04822,85,89.0991
Dark,15,L,C3,11.9711,0.0998158,10542.3,179.506,5385.24,4,0.133332,4,23.9464,5,119.732
Dark,15,L,C2,46.3342,0.388822,31.7832,-1.27724,-38.3176,25,37.733,27,4.33452,27,117.032
Dark,25,L,C3,67.0239,0.55947,215.014,1.08859,32.6579,42,71.3326,27,3.96187,28,110.932
Dark,15,o,Cont,12.9906,0.108316,358.616,-0.181974,-5.45928,1,119.999,0,119.999,1,119.999
Dark,15,L,C2,52.1146,0.443533,-6.76517,0.891943,26.7586,31,83.9658,19,4.97966,23,114.532
Dark,25,L,C3,33.148,0.276697,1254.43,1.07032,32.1098,33,63.0994,23,4.92495,24,118.199
Dark,25,L,C3,16.1906,0.134998,-2811.93,0.822442,24.6735,1,119.999,0,119.999,1,119.999
Dark,15,L,C2,41.5931,0.347385,-241.304,0.898721,26.9619,19,55.9994,13,8.47134,14,118.599
Dark,20,L,C3,71.5609,0.616379,195.544,0.174452,5.23361,39,34.5997,24,3.96187,28,110.932
Dark,15,L,C3,20.5769,0.171571,871.345,-0.0435112,-1.30535,1,119.999,0,119.999,1,119.999
Dark,20,L,C2,47.2419,0.394893,978.959,0.173551,5.20659,29,66.2327,20,5.52534,21,116.032
Dark,25,L,C3,29.4299,0.245729,1870.69,2.14839,64.4524,25,53.6661,15,7.37284,16,117.965
Dark,15,L,C2,69.099,0.580995,-177.229,0.343963,10.319,26,49.7995,28,3.83329,30,114.999
Dark,15,L,C3,29.244,0.243973,915.558,0.318763,9.56298,9,61.1994,12,9.15375,13,118.999
Dark,25,L,C3,107.085,0.91657,-121.113,1.58906,47.6722,38,47.1329,48,1.75465,50,87.7325
Dark,15,L,C3,102.086,0.854281,0.957946,0.610463,18.3141,31,47.0329,26,3.5333,27,95.399
Dark,15,L,C2,7.05689,0.0588407,24443.9,144.929,4347.91,0,0,1,59.9661,2,119.932
Dark,20,L,C3,178.228,1.53206,49.3948,2.37689,71.3073,55,46.6329,23,1.16041,16,18.5665
Dark,20,L,C3,98.2627,0.820231,0.112023,0.0833499,2.50052,33,15.9332,23,4.42634,24,106.232
Dark,25,LT,LT,12.244,0.102091,1274.03,0.0190026,0.570084,1,119.999,1,59.9661,2,119.932
Dark,25,LT,LT,74.1324,0.618119,963.198,0.39579,11.8738,30,81.0325,13,8.14516,14,114.032
Dark,25,LT,LT,3.1984,0.0266685,12599.8,160.215,4806.5,0,0,0,119.999,1,119.999
Dark,25,LT,LT,48.7126,0.406168,1317.15,0.956806,28.7045,7,45.3662,10,10.4514,11,114.966
Dark,20,LT,LT,50.2685,0.421484,-379.515,-0.669433,-20.0832,35,81.7992,24,4.49867,26,116.965
Dark,15,LT,LT,5.29221,0.0441267,8990.25,76.9482,2308.47,153,5.53328,0,119.999,1,119.999
Dark,25,LT,LT,7.91076,0.0659603,31485.7,121.473,3644.23,1,0.033333,3,29.958,4,119.832
Dark,20,LT,LT,18.6075,0.15515,2657.76,2.86789,86.0376,1,119.999,3,29.9414,4,119.765
Dark,15,LT,LT,97.747,0.882468,90.6264,0.115596,3.4679,45,47.5662,59,1.41072,59,83.2325
Dark,20,LT,LT,25.2223,0.210305,1373.34,4.31734,129.521,1,119.999,3,29.9247,4,119.699
Dark,15,LT,LT,38.6644,0.323014,-210.741,0.274827,8.24489,24,64.2327,22,5.15212,23,118.499
Dark,25,S,C3,81.6132,0.686601,34.1247,0.796707,23.9015,84,72.3659,51,1.90245,54,102.732
Dark,20,LT,LT,59.2737,0.536905,1498.43,-0.18045,-5.41354,50,86.2325,30,4.73039,23,108.799
Dark,15,LT,LT,92.6027,0.793745,21.4136,-1.60642,-48.1932,76,48.6662,53,1.72617,56,96.6657
Dark,20,LT,LT,118.889,1.03563,118.757,-2.3142,-69.4268,38,44.4996,66,0.965164,67,64.666
Dark,25,S,C3,19.9813,0.166605,999.684,0.607043,18.2115,2,119.965,4,23.7731,5,118.865
Dark,15,S,C3,58.717,0.510736,-644.115,0.84737,25.4213,50,29.033,70,1.44241,77,111.066
Dark,25,S,C3,157.113,1.34747,291.225,1.679,50.3706,100,61.2661,69,0.975971,68,66.366
Dark,25,S,C3,55.0911,0.459992,937.962,1.70133,51.0403,52,87.0658,26,4.21477,27,113.799
Dark,15,S,C3,19.7423,0.164612,2503.66,-0.338696,-10.161,3,119.699,4,23.9131,5,119.565
Dark,15,S,C3,27.5666,0.229852,-1409.92,-1.73321,-51.9969,9,100.066,6,16.9474,7,118.632
Dark,25,S,C3,97.1419,0.826514,28.8323,-0.687505,-20.6254,53,45.8329,37,2.57433,39,100.399
Dark,25,S,C3,40.2385,0.335511,717.973,2.6071,78.2137,35,42.8329,44,2.5896,45,116.532
Dark,15,S,C3,106.174,0.897509,53.1801,0.81244,24.3734,79,78.1326,59,1.51934,62,94.1991
Dark,15,S,C3,18.0473,0.150479,2413.73,1.1156,33.4684,1,119.999,0,119.999,1,119.999
Dark,25,S,C3,70.5413,0.592624,132.007,-0.522378,-15.6715,22,58.2661,30,3.55621,32,113.799
Dark,20,S,C3,55.1983,0.467523,-274.275,0.175692,5.27082,36,41.6996,35,3.02716,38,115.032
Dark,20,S,C3,86.035,0.829661,46.0933,1.00346,30.1041,77,69.9326,64,1.10088,75,82.5658
Dark,20,S,C3,14.4868,0.121061,349.308,0.682563,20.4771,301,67.766,3,39.8107,3,119.432
Dark,20,S,C3,29.7628,0.25159,-3749.92,0.763783,22.9137,50,55.8661,8,9.09478,13,118.232
Light,25,o,Cont,27.6095,0.230209,-1465.44,-2.00141,-60.0429,27,92.8991,9,11.9199,10,119.199
Light,25,o,Cont,43.9423,0.366393,-227.262,0.39848,11.9545,30,75.5326,19,5.92827,20,118.565
Light,25,o,Cont,47.6544,0.397345,-16.3338,0.180276,5.40833,19,109.799,0,119.999,1,119.999
Light,25,L,C1,45.9831,0.385984,-6564.99,0.749073,22.4724,82,68.3993,37,2.99655,39,116.865
Light,25,o,Cont,50.8783,0.425883,-343.247,-2.28183,-68.4555,21,95.599,11,9.12042,13,118.565
Light,20,L,C1,25.6292,0.213698,-683.813,-1.1533,-34.5994,1,119.032,1,59.9661,2,119.932
Light,25,L,C1,26.8574,0.223938,-507.988,1.21699,36.5102,19,109.366,3,29.9497,4,119.799
Light,20,L,C1,39.4319,0.331642,625.296,2.21708,66.513,28,87.4325,22,5.10864,23,117.499
Light,20,o,Cont,11.3536,0.0946668,-2275.38,-1.14932,-34.48,1,119.999,0,119.999,1,119.999
Light,25,L,C1,64.5166,0.573656,-1680.33,-0.907022,-27.2109,37,79.4659,45,1.84677,57,105.266
Light,20,o,Cont,39.3502,0.328104,-120.533,-0.113975,-3.41928,16,81.7992,2,39.9329,3,119.799
Light,20,L,C1,80.6567,0.673268,550.629,1.13037,33.9116,45,93.2657,35,3.09806,35,108.432
Light,25,o,Cont,30.9749,0.258271,-1766.11,-1.11667,-33.5004,11,109.566,8,13.2813,9,119.532
Light,25,L,C1,40.1642,0.334891,1174.97,0.429949,12.8986,38,54.6661,37,3.08944,38,117.399
Light,20,o,Cont,40.6883,0.339261,22.5294,-0.333945,-10.0185,23,100.166,2,39.9552,3,119.865
Light,20,L,C1,4.15903,0.0346782,29638.9,151.552,4546.6,1,119.999,0,119.999,1,119.999
Light,20,o,Cont,52.0721,0.443171,-1158.2,-0.899732,-26.9922,27,91.5991,49,2.33059,49,114.199
Light,20,o,Cont,32.081,0.269214,-198.709,-3.87388,-116.217,28,59.9327,28,3.90774,30,117.232
Light,20,L,C1,19.1889,0.159998,1056.26,-0.397323,-11.9198,6,117.765,0,119.999,1,119.999
Light,25,L,C1,30.2345,0.252097,-1285.3,-2.2005,-66.0157,11,101.199,2,39.7329,3,119.199
Light,25,o,Cont,40.5173,0.337835,467.184,-0.391306,-11.7393,16,102.032,9,11.8065,10,118.065
Light,25,L,C1,63.4098,0.566333,1403.17,1.35843,40.7532,68,91.6324,104,0.951203,110,104.632
Light,20,o,Cont,49.2077,0.433807,-105.983,0.475461,14.264,16,52.5661,19,4.6694,24,112.066
Light,25,L,C1,45.9147,0.388562,2401.4,-0.220285,-6.60861,28,72.2993,48,2.32855,49,114.099
Light,25,o,Cont,60.9767,0.53756,-75.0907,0.940426,28.2131,46,65.666,59,1.75428,62,108.766
Light,20,o,Cont,18.6757,0.155805,45.3177,-1.14816,-34.4452,10,111.166,6,17.0284,7,119.199
Light,25,o,Cont,59.1858,0.507602,-1098.68,-0.595329,-17.8601,69,35.1996,58,1.97074,57,112.332
Light,15,L,C1,17.6182,0.149266,327.583,3.06455,91.9375,3,104.999,2,23.6331,5,118.165
Light,25,L,C2,55.3126,0.461712,877.706,0.885262,26.5581,69,99.599,40,2.90747,40,116.299
Light,25,o,Cont,40.0753,0.334708,88.1794,-1.23018,-36.9058,29,95.099,25,4.71462,25,117.865
Light,20,L,C2,11.7602,0.0980568,-1090.22,0.093317,2.79954,1,119.999,4,23.8331,5,119.165
Light,20,o,Cont,18.4737,0.154035,11483.8,-0.609235,-18.2772,1,119.999,1,59.8994,2,119.799
Light,15,L,C1,48.9002,0.42708,83.7582,2.8569,85.7077,74,52.3328,71,1.35771,82,111.332
Light,15,o,Cont,70.3581,0.58927,-1136.54,-1.33582,-40.0749,60,50.2662,77,1.35811,78,105.932
Light,15,o,Cont,55.5165,0.462899,-821.452,0.237993,7.13985,46,107.732,4,23.8264,5,119.132
Light,25,L,C2,59.295,0.494817,229.591,0.772745,23.1826,31,73.7326,26,4.49611,26,116.899
Light,25,L,C2,55.672,0.471269,249.161,-0.052669,-1.58009,60,78.1326,36,3.17497,36,114.299
Light,15,o,Cont,16.001,0.133417,1277.65,-0.399288,-11.9788,18,117.632,3,29.883,4,119.532
Light,25,L,C2,43.9509,0.367281,-340.875,-0.893798,-26.8142,54,91.5324,39,2.91497,40,116.599
Light,15,o,Cont,21.0037,0.17513,695.797,0.610341,18.3104,1,119.999,0,119.999,1,119.999
Light,25,L,C2,42.6512,0.355627,575.089,1.03468,31.0407,41,79.7659,53,2.15368,54,116.299
Light,25,L,C2,62.6787,0.5232,926.583,0.913621,27.4089,30,79.8659,18,6.46475,18,116.366
Light,15,o,Cont,42.4601,0.354231,558.805,-0.744797,-22.3441,31,95.2657,31,3.76018,31,116.566
Light,20,L,C2,0.729919,0.0060861,11142.6,180,5400.05,0,0,0,119.999,1,119.999
Light,15,o,Cont,39.5963,0.330156,996.625,1.10789,33.2371,23,71.366,21,5.36207,22,117.965
Light,20,L,C2,56.5105,0.471187,-400.912,-0.89844,-26.9535,41,96.6324,15,7.36451,16,117.832
Light,20,L,C2,30.2111,0.255236,-3561.01,-2.48668,-74.6011,42,74.7326,29,3.54946,33,117.132
Light,20,L,C2,30.2091,0.255651,-970.076,0.431118,12.9337,63,61.966,38,2.98288,39,116.332
Light,25,L,C3,31.9268,0.266356,-351.715,-0.867621,-26.0289,16,111.566,3,29.8914,4,119.565
Light,15,L,C2,47.2115,0.408526,-961.424,-1.9313,-57.9397,38,54.9328,61,1.81987,62,112.832
Light,20,L,C3,24.4848,0.204269,-2360.1,-4.04483,-121.346,1,119.999,0,119.999,1,119.999
Light,15,o,Cont,60.8811,0.508761,-443.676,-1.12443,-33.7331,39,84.9325,30,3.76985,31,116.865
Light,20,L,C3,29.4847,0.246255,906.668,2.10999,63.3003,28,105.532,8,13.1776,9,118.599
Light,25,L,C3,65.5089,0.62114,-477.125,0.436983,13.1096,36,45.2662,37,1.89443,54,102.299
Light,15,L,C3,0.0384249,0.000320567,9368.92,180,5400.05,0,0,0,119.999,1,119.999
Light,15,L,C2,29.1945,0.24424,2850.31,1.7262,51.7867,30,85.0658,18,6.22625,19,118.299
Light,25,L,C3,27.4981,0.229408,1063.63,1.00214,30.0646,31,92.9991,13,8.43563,14,118.099
Light,15,o,Cont,15.7579,0.131463,-3582.93,-0.217023,-6.51074,1,119.999,1,59.8494,2,119.699
Light,15,L,C2,47.1519,0.397463,-117.469,-0.660862,-19.8261,26,72.9993,18,5.34843,22,117.665
Light,25,L,C3,34.4933,0.287927,-2653.25,-0.00879883,-0.263968,27,101.999,18,6.23152,19,118.399
Light,25,L,C3,22.1422,0.184623,802.523,0.923281,27.6987,7,94.3991,5,19.9109,6,119.465
Light,15,L,C2,23.0934,0.194173,-475.084,-1.96076,-58.8233,24,98.399,7,16.976,7,118.832
Light,20,L,C3,30.6932,0.256135,1582.86,0.653539,19.6064,23,97.1657,7,14.9499,8,119.599
Light,15,L,C3,19.9197,0.166091,131.004,-2.5063,-75.1897,3,119.932,7,14.804,8,118.432
Light,20,L,C2,33.4205,0.278662,6184.58,3.10482,93.1456,1,119.765,0,119.999,1,119.999
Light,25,L,C3,48.4525,0.409693,933.071,3.3484,100.453,41,80.4659,49,2.26142,51,115.332
Light,15,L,C2,27.7287,0.231204,-499.604,0.0221749,0.665253,7,107.266,4,23.9664,5,119.832
Light,15,L,C3,22.9469,0.191333,149.882,1.29394,38.8185,3,97.3657,0,119.999,1,119.999
Light,25,L,C3,32.4677,0.27223,-992.874,-0.643063,-19.2921,13,86.2658,14,6.99209,17,118.865
Light,15,L,C3,45.1538,0.377544,555.638,0.154755,4.64271,33,71.466,45,2.50432,46,115.199
Light,15,L,C2,8.20004,0.0683723,22004.4,93.5497,2806.52,0,0,0,119.999,1,119.999
Light,20,L,C3,71.732,0.603134,-986.526,0.400861,12.026,42,60.7327,59,1.7978,61,109.666
Light,20,L,C3,46.8036,0.398785,-368.457,-0.167038,-5.01119,22,80.7992,27,3.95628,29,114.732
Light,25,LT,LT,12.5327,0.104557,-536.606,-1.91255,-57.3771,1,119.999,0,119.999,1,119.999
Light,25,LT,LT,36.9688,0.308419,1389.12,-0.0771421,-2.31428,19,95.8324,5,19.9054,6,119.432
Light,25,LT,LT,0.867557,0.00723373,14074.6,180,5400.05,0,0,0,119.999,1,119.999
Light,25,LT,LT,41.6217,0.348691,1362.11,0.02828,0.84841,38,34.733,29,3.91885,30,117.565
Light,20,LT,LT,35.0207,0.293801,566.05,0.265971,7.97922,12,116.665,7,14.8624,8,118.899
Light,15,LT,LT,0.292157,0.00243602,14306.6,132,3960.04,9,0.299997,0,119.999,1,119.999
Light,25,LT,LT,7.17073,0.0597899,23376.2,96.8277,2904.86,0,0,0,119.999,1,119.999
Light,20,LT,LT,16.0245,0.133613,-1354.37,-0.410377,-12.3114,1,119.999,3,29.8914,4,119.565
Light,15,LT,LT,41.3979,0.345178,-561.355,0.989845,29.6957,38,88.6658,10,10.7787,11,118.565
Light,20,LT,LT,15.4009,0.128413,1014.73,-0.96606,-28.9821,1,119.999,6,17.0379,7,119.265
Light,15,LT,LT,15.5746,0.129862,2925.13,-0.907375,-27.2215,1,119.999,0,119.999,1,119.999
Light,25,S,C3,40.8707,0.340782,550.573,1.57132,47.1402,26,109.866,7,14.9332,8,119.465
Light,20,LT,LT,37.6912,0.316559,-2661.27,-4.0303,-120.91,28,77.9992,17,6.21046,19,117.999
Light,15,LT,LT,50.4416,0.430883,1424,-0.487632,-14.6291,74,60.7327,42,2.45317,47,115.299
Light,20,LT,LT,48.5684,0.405981,-734.352,-0.152317,-4.56955,22,75.1326,24,4.70262,25,117.565
Light,25,S,C3,19.6342,0.163711,-2466,2.68945,80.6842,2,113.966,1,59.8327,2,119.665
Light,15,S,C3,47.3903,0.395913,-2653.58,-1.63299,-48.9903,59,81.1325,68,1.69116,68,114.999
Light,25,S,C3,39.1177,0.327439,156.302,1.1546,34.6383,34,106.932,17,6.55549,18,117.999
Light,25,S,C3,27.5218,0.231473,1480.23,-0.801595,-24.0481,25,75.8659,12,6.99013,17,118.832
Light,15,S,C3,15.8018,0.131756,1931.59,0.883711,26.5116,1,119.999,1,59.9161,2,119.832
Light,15,S,C3,22.7324,0.189544,-2089.77,-2.44436,-73.3316,1,119.999,2,39.8774,3,119.632
Light,25,S,C3,45.7266,0.382121,-168.501,-1.87862,-56.3591,30,99.3323,18,5.93827,20,118.765
Light,25,S,C3,40.984,0.343062,3176,0.195591,5.86778,58,70.8326,70,1.59535,72,114.866
Light,15,S,C3,44.1221,0.370985,816.415,1.04632,31.3898,43,81.2325,28,3.73975,31,115.932
Light,15,S,C3,18.2736,0.152366,618.783,3.39673,101.903,1,119.999,3,29.9247,4,119.699
Light,25,S,C3,36.3393,0.305632,4647.06,0.793526,23.806,26,97.699,23,4.89578,24,117.499
Light,20,S,C3,26.8514,0.223888,1930.29,0.21647,6.49415,12,118.199,0,119.999,1,119.999
Light,20,S,C3,43.829,0.399297,-1191.82,-0.591375,-17.7414,58,78.0659,23,2.76997,40,110.799
Light,20,S,C3,4.85646,0.0404934,87775.9,46.7596,1402.8,3,0.733326,6,17.0903,7,119.632
Light,20,S,C3,28.7617,0.256498,8995.94,1.23281,36.9846,33,82.3325,31,2.78081,40,111.232
Light,25,o,Cont,46.3928,0.387471,-1585.11,-3.19099,-95.7306,78,76.8326,49,2.28102,51,116.332
Light,25,o,Cont,43.9403,0.36658,-2794.91,-0.976598,-29.2982,18,94.2991,13,8.49753,14,118.965
Light,25,o,Cont,47.6076,0.40483,-43.7356,-0.995526,-29.8661,37,90.9658,24,3.53936,33,116.799
Light,25,L,C1,46.2012,0.395336,710.584,1.97452,59.2363,86,45.9662,37,2.65501,43,114.166
Light,25,o,Cont,59.233,0.494988,1289.44,0.744135,22.3243,34,88.6991,22,5.02169,23,115.499
Light,20,L,C1,44.8331,0.375176,-169.031,1.01158,30.3476,31,70.3326,57,2.03507,57,115.999
Light,25,L,C1,40.0407,0.334047,2147.52,0.456495,13.695,23,77.9992,11,9.94435,12,119.332
Light,20,L,C1,39.5071,0.334715,-394.38,0.885095,26.5531,21,87.1991,42,2.62573,44,115.532
Light,20,o,Cont,12.3967,0.103422,1481.92,-1.73294,-51.9889,1,119.999,2,39.9552,3,119.865
Light,25,L,C1,63.6187,0.532083,-1220.22,-1.05964,-31.7897,26,75.3326,38,2.91365,39,113.632
Light,20,o,Cont,30.7067,0.256176,895.814,-1.08781,-32.6346,9,91.4658,4,23.4331,5,117.165
Light,20,L,C1,74.0075,0.619834,-267.172,0.17302,5.19066,49,77.2992,33,3.34037,33,110.232
Light,25,o,Cont,41.3754,0.349655,-720.252,-0.552227,-16.567,28,78.2326,24,4.02525,29,116.732
Light,25,L,C1,25.6956,0.214371,-2759.32,1.05334,31.6007,13,117.065,9,11.9399,10,119.399
Light,20,o,Cont,36.5406,0.304847,617.911,-2.09533,-62.8606,8,106.132,4,23.9598,5,119.799
Light,20,L,C1,10.6729,0.0890408,16760.8,105.465,3163.97,1,119.999,0,119.999,1,119.999
Light,20,o,Cont,47.1224,0.399911,-525.349,-1.31197,-39.3595,64,95.0324,43,2.43047,47,114.232
Light,20,o,Cont,29.7605,0.24842,443.091,1.61739,48.5223,6,92.5657,22,5.15647,23,118.599
Light,20,L,C1,13.0033,0.108482,2630.08,1.19988,35.9969,0,0,0,119.999,1,119.999
Light,25,L,C1,28.5287,0.238006,655.231,-0.382332,-11.4701,28,101.932,14,7.81103,15,117.165
Light,25,o,Cont,39.3027,0.32789,-450.018,1.82098,54.6301,17,91.9657,9,11.7865,10,117.865
Light,25,L,C1,37.2735,0.311828,145.023,0.0083646,0.250941,19,48.0329,24,4.88884,24,117.332
Light,20,o,Cont,32.4327,0.270576,624.492,0.958608,28.7585,17,81.4659,1,59.8161,2,119.632
Light,25,L,C1,39.7501,0.334882,4249.87,1.59079,47.7242,12,59.1994,32,3.56259,33,117.565
Light,25,o,Cont,55.3787,0.469183,730.86,-1.07145,-32.1439,58,72.0993,67,1.6089,71,114.232
Light,20,o,Cont,27.1788,0.226996,773.602,1.75329,52.5993,21,102.032,27,4.36539,27,117.865
Light,25,o,Cont,66.5629,0.562034,200.755,0.916555,27.4969,89,68.4993,79,1.33734,83,110.999
Light,15,L,C1,21.6054,0.180247,996.854,1.29955,38.9868,0,0,9,11.9199,10,119.199
Light,25,L,C2,55.1544,0.469271,-496.021,-1.18828,-35.6486,52,95.8324,37,2.84247,40,113.699
Light,25,o,Cont,48.329,0.422954,-803.013,0.0529314,1.58796,39,63.7327,36,2.73412,41,112.099
Light,20,L,C2,15.8839,0.132514,961.996,-3.04848,-91.4554,7,118.565,4,23.7731,5,118.865
Light,20,o,Cont,13.9046,0.116001,-376.634,0.825248,24.7577,1,119.999,1,59.9827,2,119.965
Light,15,L,C1,56.8379,0.481546,-120.139,0.672233,20.1672,76,89.3991,65,1.72271,66,113.699
Light,15,o,Cont,53.5893,0.452872,-388.766,-1.68168,-50.451,101,62.5327,89,1.25392,89,111.599
Light,15,o,Cont,20.7027,0.172716,432.334,0.695421,20.8628,1,119.999,0,119.999,1,119.999
Light,25,L,C2,71.6115,0.597765,-363.662,0.189049,5.67152,59,78.1659,59,1.93388,59,114.099
Light,25,L,C2,52.6936,0.447445,-68.3943,-2.13738,-64.1221,54,89.9991,33,3.00898,37,111.332
Light,15,o,Cont,17.7556,0.14813,889.928,3.19056,95.7178,1,119.999,1,59.9161,2,119.832
Light,25,L,C2,40.5237,0.339209,-67.0912,-1.67662,-50.2992,55,88.6324,32,3.45977,34,117.632
Light,15,o,Cont,24.5308,0.204653,-67.8265,1.57767,47.3306,1,119.999,0,119.999,1,119.999
Light,25,L,C2,34.6404,0.288994,-2442.6,-1.66868,-50.0609,28,58.6327,18,6.25257,19,118.799
Light,25,L,C2,64.0503,0.534649,-368.871,0.0243667,0.731009,31,84.3992,17,6.47401,18,116.532
Light,15,o,Cont,31.0349,0.258915,-892.82,-3.42346,-102.705,33,92.7991,3,29.4414,4,117.765
Light,20,L,C2,1.67131,0.0139433,10433.8,180,5400.05,0,0,0,119.999,1,119.999
Light,15,o,Cont,33.6485,0.280719,-1984.18,-0.982994,-29.4901,56,64.9993,5,19.9498,6,119.699
Light,20,L,C2,70.7848,0.595336,-307.74,0.472343,14.1704,50,69.8993,36,2.84997,40,113.999
Light,20,L,C2,29.9454,0.253347,1147.29,5.30343,159.105,39,78.8325,27,3.78383,31,117.299
Light,20,L,C2,37.1732,0.320186,-474.735,0.531951,15.9587,59,54.7328,45,2.41132,47,113.332
Light,25,L,C3,37.8314,0.317914,-382.756,-1.04667,-31.4003,34,104.566,11,9.15119,13,118.965
Light,15,L,C2,36.6808,0.327901,-2851.66,1.37751,41.3257,38,99.1323,38,2.21531,50,110.766
Light,20,L,C3,32.7985,0.273628,-1521.77,-0.817782,-24.5337,41,113.299,0,119.999,1,119.999
Light,15,o,Cont,61.6115,0.518039,-693.761,0.293002,8.79015,59,92.4991,44,2.628,44,115.632
Light,20,L,C3,44.81,0.382451,841.38,1.78477,53.5437,28,91.4991,27,3.72469,31,115.466
Light,25,L,C3,59.7107,0.542337,343.069,0.963116,28.8938,31,54.5661,36,1.94998,56,109.199
Light,15,L,C3,0.0790514,0.000659501,14246.4,180,5400.05,0,0,0,119.999,1,119.999
Light,15,L,C2,27.5786,0.230979,141.742,0.917507,27.5255,32,78.2992,15,7.42909,16,118.865
Light,25,L,C3,32.8618,0.275073,-2474.18,0.127113,3.81344,29,97.3324,18,6.24204,19,118.599
Light,15,o,Cont,19.6392,0.163844,65.5595,1.63394,49.0188,8,104.032,0,119.999,1,119.999
Light,15,L,C2,36.3921,0.308498,-1379.15,2.44326,73.2984,17,61.766,27,3.75588,31,116.432
Light,25,L,C3,38.1861,0.318752,-169.273,-0.322913,-9.68747,51,75.4326,19,5.90161,20,118.032
Light,25,L,C3,18.454,0.153956,12.862,1.2437,37.3115,1,119.999,2,39.9552,3,119.865
Light,15,L,C2,34.2296,0.302473,-1651.76,-2.56089,-76.8275,16,46.1662,30,3.72107,30,111.632
Light,20,L,C3,26.1832,0.218439,1051.43,2.00555,60.1672,14,102.932,7,14.9124,8,119.299
Light,15,L,C3,18.0165,0.150306,1658.21,4.7428,142.285,1,119.999,0,119.999,1,119.999
Light,20,L,C2,28.9055,0.242838,-4547.56,0.314914,9.44751,1,0.033333,18,6.92542,17,117.732
Light,25,L,C3,24.0143,0.201633,-1184.02,-0.0294969,-0.884917,7,32.533,2,29.9164,4,119.665
Light,15,L,C2,32.1981,0.269819,-85.2529,0.421795,12.654,8,101.199,12,8.49753,14,118.965
Light,15,L,C3,15.6735,0.130759,-2425.76,-0.333551,-10.0066,1,119.999,0,119.999,1,119.999
Light,25,L,C3,34.0891,0.284553,-799.281,1.19587,35.8764,16,62.6327,16,6.99601,17,118.932
Light,15,L,C3,51.621,0.44323,-532.918,0.0307004,0.92102,41,67.566,66,1.60046,70,112.032
Light,15,L,C2,6.86964,0.0573113,24051.9,146.79,4403.73,0,0,0,119.999,1,119.999
Light,20,L,C3,95.4638,0.803576,-313.721,0.505522,15.1658,27,67.066,41,2.44063,41,100.066
Light,20,L,C3,37.3493,0.312027,3120.17,0.559585,16.7877,76,90.5324,26,4.36909,27,117.965
Light,25,LT,LT,13.2173,0.110267,3078.1,2.98607,89.583,2,119.965,0,119.999,1,119.999
Light,25,LT,LT,38.3703,0.321004,-145.935,0.466414,13.9925,24,81.9325,3,23.9464,5,119.732
Light,25,LT,LT,1.60967,0.013429,13826.6,175.643,5269.35,0,0,0,119.999,1,119.999
Light,25,LT,LT,25.4318,0.21217,-247.169,0.998344,29.9506,19,111.399,0,119.999,1,119.999
Light,20,LT,LT,33.155,0.277064,-568.105,0.635955,19.0788,12,117.399,8,11.9165,10,119.165
Light,15,LT,LT,1.48722,0.0124074,6746.47,60.3068,1809.22,46,1.59998,0,119.999,1,119.999
Light,25,LT,LT,8.56227,0.0714323,31329.8,89.3645,2680.96,0,0,2,39.9774,3,119.932
Light,20,LT,LT,18.2422,0.152189,3553.98,0.55916,16.775,1,119.999,0,119.999,1,119.999
Light,15,LT,LT,38.0461,0.323158,-745.859,0.488269,14.6482,21,100.432,2,23.5864,5,117.932
Light,20,LT,LT,24.449,0.20397,4238.06,-3.61163,-108.35,5,118.499,8,13.2369,9,119.132
Light,15,LT,LT,14.5443,0.121339,384.855,-0.386454,-11.5937,4,115.866,0,119.999,1,119.999
Light,25,S,C3,38.7571,0.323519,544.763,-0.547205,-16.4163,58,82.1658,9,11.9499,10,119.499
Light,20,LT,LT,48.8143,0.417458,-2527.72,-0.558216,-16.7466,53,84.0992,48,2.3197,49,113.666
Light,15,LT,LT,61.9251,0.536153,-317.453,1.72117,51.6357,84,53.6995,53,2.05816,55,113.199
Light,20,LT,LT,51.4314,0.429315,-501.38,1.359,40.7704,25,62.3994,24,4.88745,24,117.299
Light,25,S,C3,18.3839,0.153371,2544.81,4.61712,138.515,1,119.999,0,119.999,1,119.999
Light,15,S,C3,47.2491,0.396278,-948.281,-2.51281,-75.3851,40,67.9327,33,3.32854,35,116.499
Light,25,S,C3,74.2624,0.625637,937.251,-0.189301,-5.67907,74,67.666,75,1.41211,77,108.732
Light,25,S,C3,39.2922,0.330653,1084.05,1.46656,43.9974,64,90.6324,25,4.20829,28,117.832
Light,15,S,C3,13.9755,0.116593,-3478.28,0.811561,24.3471,3,119.932,4,23.9264,5,119.632
Light,15,S,C3,18.8571,0.157319,-1032.56,0.502747,15.0826,1,119.999,2,39.944,3,119.832
Light,25,S,C3,50.8315,0.42561,86.7067,-0.849409,-25.4825,35,74.7659,22,4.88606,24,117.265
Light,25,S,C3,41.0596,0.346693,1157.52,-1.26323,-37.8973,36,69.4993,59,1.83977,62,114.066
Light,15,S,C3,36.874,0.307628,-547.967,-1.30375,-39.113,15,104.466,10,10.815,11,118.965
Light,15,S,C3,16.9523,0.141428,522.794,-2.70248,-81.0753,1,119.999,1,59.9494,2,119.899
Light,25,S,C3,37.3619,0.313529,1274.89,2.17529,65.2592,28,87.2658,24,4.35057,27,117.465
Light,20,S,C3,44.9966,0.376755,-120.166,-0.408307,-12.2493,27,92.7991,35,3.22775,36,116.199
Light,20,S,C3,49.2181,0.433644,1465.59,1.22643,36.7933,30,90.0658,23,2.92804,38,111.266
Light,20,S,C3,18.8876,0.157661,880.326,1.40259,42.0782,1,94.0991,5,19.7942,6,118.765
Light,20,S,C3,24.2692,0.205615,-2320.88,-3.61636,-108.492,33,91.5991,21,4.52047,26,117.532
Light,25,o,Cont,55.0018,0.4613,-212.619,-1.2386,-37.1584,99,58.8327,64,1.72524,66,113.866
Light,25,o,Cont,58.979,0.503239,22.1555,-0.00297766,-0.0893306,34,48.3329,63,1.90507,59,112.399
Light,25,o,Cont,58.6171,0.489024,-393.383,-0.14208,-4.26245,39,95.0657,7,14.8957,8,119.165
Light,25,L,C1,17.6418,0.14718,-1765.47,0.798284,23.9488,9,1.73332,0,119.999,1,119.999
Light,25,o,Cont,56.4929,0.471303,-3874.61,-1.41576,-42.4732,57,61.0327,26,4.17527,27,112.732
Light,20,L,C1,41.8344,0.349011,-335.154,-0.477476,-14.3244,26,84.3992,37,3.08681,38,117.299
Light,25,L,C1,57.0527,0.476768,-725.345,-0.621104,-18.6333,39,69.066,33,3.41075,34,115.966
Light,20,L,C1,41.2513,0.347237,901.091,1.26134,37.8405,20,79.1325,32,3.33235,35,116.632
Light,20,o,Cont,22.3384,0.186362,-2462.2,-0.269462,-8.08393,113,42.9662,7,14.8624,8,118.899
Light,25,L,C1,48.7558,0.410522,-707.226,0.844476,25.3345,19,66.766,22,4.49611,26,116.899
Light,20,o,Cont,25.9543,0.216649,-1037.76,-0.225709,-6.77133,10,107.266,7,16.7475,7,117.232
Light,20,L,C1,70.9954,0.592292,-360.579,-0.222903,-6.68715,36,87.3325,28,4.0571,28,113.599
Light,25,o,Cont,38.1307,0.319981,242.418,0.627957,18.8389,21,83.2325,19,5.38782,22,118.532
Light,25,L,C1,38.3502,0.321643,-925.491,-1.14487,-34.3465,16,60.4327,43,2.52751,46,116.266
Light,20,o,Cont,39.2463,0.327419,-1887.79,-2.66381,-79.9151,22,82.1658,14,7.87548,15,118.132
Light,20,L,C1,15.4403,0.128813,15550.4,95.3105,2859.34,1,119.999,0,119.999,1,119.999
Light,20,o,Cont,47.576,0.405366,839.978,1.00031,30.0096,46,78.7659,51,2.0824,55,114.532
Light,20,o,Cont,36.6065,0.305396,1348.12,-2.83653,-85.0968,8,114.466,2,39.6996,3,119.099
Light,20,L,C1,18.7332,0.156285,3561.69,3.54554,106.367,1,2.26664,2,39.6329,3,118.899
Light,25,L,C1,22.9351,0.191341,-1242.26,0.936294,28.0891,13,103.032,1,59.9327,2,119.865
Light,25,o,Cont,48.6856,0.41388,144.095,2.02369,60.7113,20,46.0329,46,2.33399,49,114.366
Light,25,L,C1,36.9432,0.311584,120.758,0.775369,23.2613,23,51.3995,24,4.3444,27,117.299
Light,20,o,Cont,37.5271,0.335266,546.911,-0.0953551,-2.86068,10,63.5994,8,8.54607,13,111.099
Light,25,L,C1,35.9368,0.299809,4297.66,0.212062,6.36192,23,87.9325,14,7.9177,15,118.765
Light,25,o,Cont,51.5609,0.434262,313.227,0.430343,12.9104,33,72.4326,52,2.11418,54,114.166
Light,20,o,Cont,23.2525,0.194204,-1740.73,-2.07996,-62.3993,32,103.966,16,6.99013,17,118.832
Light,25,o,Cont,44.9138,0.374911,-582.739,-1.4745,-44.2353,32,90.0991,29,3.91107,30,117.332
Light,15,L,C1,16.1924,0.135164,11930.8,-1.27685,-38.3058,7,111.332,4,23.9464,5,119.732
Light,25,L,C2,59.3209,0.51331,-374.172,-0.923802,-27.7143,81,93.2657,63,1.56243,71,110.932
Light,25,o,Cont,48.5666,0.421346,6.83832,-0.073493,-2.20481,41,50.2995,53,1.87609,60,112.566
Light,20,L,C2,16.9667,0.141548,1377.85,-2.72816,-81.8456,2,119.565,1,59.7494,2,119.499
Light,20,o,Cont,11.2757,0.0940694,2692.82,0.107159,3.21481,1,119.999,0,119.999,1,119.999
Light,15,L,C1,35.6748,0.298287,1566.06,0.314479,9.43447,49,62.7327,25,4.54483,26,118.165
Light,15,o,Cont,46.9795,0.393137,515.777,0.705761,21.173,30,95.999,31,3.64684,32,116.699
Light,15,o,Cont,27.92,0.232928,-145.629,-0.205628,-6.1689,18,100.066,5,19.6609,6,117.965
Light,25,L,C2,87.2037,0.732197,-100.614,-0.480413,-14.4125,75,71.266,59,1.83557,59,108.299
Light,25,L,C2,42.5869,0.35628,286.059,0.03112,0.93361,32,93.2324,28,3.92107,30,117.632
Light,15,o,Cont,8.14883,0.0679832,-2831.52,2.97364,89.2102,1,119.999,0,119.999,1,119.999
Light,25,L,C2,46.9165,0.394702,-227.283,-0.394468,-11.8342,31,76.1992,40,2.84306,41,116.566
Light,15,o,Cont,20.1246,0.167893,-2259.65,-3.47358,-104.208,1,119.999,0,119.999,1,119.999
Light,25,L,C2,45.3977,0.378739,-191.372,-0.408432,-12.2531,98,30.433,71,1.59258,72,114.666
Light,25,L,C2,68.226,0.569188,726.663,-0.655521,-19.6658,34,84.7325,13,8.44992,14,118.299
Light,15,o,Cont,37.4846,0.313245,-703.75,-1.42026,-42.6083,61,91.6658,15,7.87325,15,118.099
Light,20,L,C2,2.04465,0.0170579,9796.53,167.652,5029.62,0,0,0,119.999,1,119.999
Light,15,o,Cont,25.3041,0.211104,-3009.58,-0.90298,-27.0897,12,96.1657,3,29.9414,4,119.765
Light,20,L,C2,67.9036,0.567129,-350.035,0.263175,7.89534,39,65.2327,34,2.96849,36,106.866
Light,20,L,C2,38.1909,0.334035,1865.8,1.77167,53.1508,67,33.333,52,1.83659,61,112.032
Light,20,L,C2,21.209,0.17694,-3812.13,0.318247,9.5475,5,107.166,0,119.999,1,119.999
Light,25,L,C3,31.2559,0.260613,638.305,1.87857,56.3578,31,102.432,3,29.933,4,119.732
Light,15,L,C2,56.0375,0.476785,-918.36,-1.48837,-44.6515,25,94.999,65,1.64998,68,112.199
Light,20,L,C3,31.9419,0.266333,443.348,1.26889,38.0671,13,75.4992,17,6.59808,18,118.765
Light,15,o,Cont,65.0814,0.549061,-768.136,-0.216955,-6.50873,59,89.3324,59,1.87831,60,112.699
Light,20,L,C3,72.8882,0.731083,476.313,0.951726,28.5521,93,81.3325,38,5.12276,19,97.3324
Light,25,L,C3,62.5754,0.556066,-608.805,-0.759015,-22.7707,37,55.5994,40,2.23943,49,109.732
Light,15,L,C3,15.0026,0.125092,4345.15,180,5400.05,5,0.233331,6,17.0951,7,119.665
Light,15,L,C2,21.2837,0.177465,-971.889,-2.53863,-76.1597,12,112.966,0,119.999,1,119.999
Light,25,L,C3,28.1829,0.235252,-1681.65,1.01008,30.3028,47,94.3657,5,19.9276,6,119.565
Light,15,o,Cont,16.7717,0.139843,2514.92,-0.785365,-23.5612,1,119.999,0,119.999,1,119.999
Light,15,L,C2,40.553,0.339549,-1272.53,-0.110395,-3.31189,20,66.066,18,5.61582,21,117.932
Light,25,L,C3,40.5514,0.34039,-138.843,-0.296621,-8.89872,30,68.166,42,2.65073,44,116.632
Light,25,L,C3,15.7217,0.131161,-1532.84,-3.77376,-113.214,1,119.999,1,59.9494,2,119.899
Light,15,L,C2,23.0888,0.192623,1027.42,0.611684,18.3507,1,119.999,0,119.999,1,119.999
Light,20,L,C3,30.5501,0.255154,725.337,-0.274243,-8.22738,14,87.9325,5,17.057,7,119.399
Light,15,L,C3,18.4992,0.154333,769.446,2.95124,88.5381,1,119.999,0,119.999,1,119.999
Light,20,L,C2,18.5865,0.155062,1607.44,2.38535,71.5613,47,11.7332,0,119.999,1,119.999
Light,25,L,C3,56.7015,0.510676,-138.259,0.662624,19.8789,75,88.4324,65,1.75572,61,107.099
Light,15,L,C2,24.904,0.207766,-1360.94,1.77654,53.2966,3,96.4324,7,14.8957,8,119.165
Light,15,L,C3,20.1381,0.168005,-2114.38,-4.80471,-144.143,1,119.999,0,119.999,1,119.999
Light,25,L,C3,38.0577,0.317503,-314.396,-0.0384136,-1.15242,25,85.6991,12,9.15375,13,118.999
Light,15,L,C3,39.7107,0.331294,2859.79,1.24737,37.4213,14,60.3661,13,8.49515,14,118.932
Light,15,L,C2,7.36059,0.0614071,26785.9,135.853,4075.63,0,0,1,59.9827,2,119.965
Light,20,L,C3,91.4564,0.767689,-290.271,1.01579,30.4741,52,75.0659,60,1.61474,61,98.499
Light,20,L,C3,39.845,0.332785,963.243,-0.123957,-3.71874,87,62.8994,19,5.63169,21,118.265
Light,25,LT,LT,13.3226,0.111085,866.817,1.40589,42.177,1,119.999,0,119.999,1,119.999
Light,25,LT,LT,32.7583,0.27314,-742.787,0.339983,10.1996,19,81.5659,3,29.9497,4,119.799
Light,25,LT,LT,2.00184,0.0167007,12868.7,166.443,4993.34,0,0,0,119.999,1,119.999
Light,25,LT,LT,44.775,0.374586,-715.714,-1.74533,-52.3605,11,2.09998,29,3.88329,30,116.499
Light,20,LT,LT,47.0067,0.406636,-1263.71,-0.504305,-15.1293,44,69.266,31,2.92219,39,113.966
Light,15,LT,LT,4.38789,0.0366068,8442.68,78.3587,2350.78,120,4.16662,0,119.999,1,119.999
Light,25,LT,LT,6.34929,0.0529702,33467.3,129.38,3881.44,0,0,0,119.999,1,119.999
Light,20,LT,LT,15.2626,0.127331,-2244.47,-2.62648,-78.7952,1,119.999,3,29.908,4,119.632
Light,15,LT,LT,40.5389,0.344234,-809.249,0.141696,4.25092,20,98.499,8,9.06658,13,117.865
Light,20,LT,LT,16.81,0.140241,-3633.8,-2.81277,-84.3839,1,119.999,0,119.999,1,119.999
Light,15,LT,LT,25.6655,0.214119,-3715.16,-5.19075,-155.724,8,76.4992,11,9.93601,12,119.232
Light,25,S,C3,52.9158,0.441951,819.627,0.903699,27.1112,48,97.499,35,3.23978,36,116.632
Light,20,LT,LT,22.1076,0.184437,-383.925,-1.05291,-31.5875,3,105.166,2,39.9774,3,119.932
Light,15,LT,LT,44.4248,0.378624,-1711.64,0.380907,11.4273,44,93.5324,27,3.73437,31,115.766
Light,20,LT,LT,59.196,0.497451,1352.24,-1.38374,-41.5127,20,60.1661,30,3.4535,33,113.966
Light,25,S,C3,24.975,0.208359,-250.025,-1.3401,-40.2034,4,119.832,8,13.1406,9,118.265
Light,15,S,C3,40.183,0.335794,-199.167,-1.96077,-58.8237,46,109.399,36,3.15402,37,116.699
Light,25,S,C3,46.3821,0.390645,94.6852,-0.349124,-10.4738,42,85.8991,25,4.26415,27,115.132
Light,25,S,C3,23.1014,0.192728,3445.87,5.57703,167.312,29,109.366,8,13.2591,9,119.332
Light,15,S,C3,14.5099,0.121051,-1713.75,-0.683767,-20.5132,1,119.999,1,59.9661,2,119.932
Light,15,S,C3,15.9645,0.133187,518.868,-1.95417,-58.6256,5,53.4995,1,59.9494,2,119.899
Light,25,S,C3,52.355,0.439593,-16.0748,0.888463,26.6541,25,87.6658,19,5.34692,22,117.632
Light,25,S,C3,30.0092,0.250358,-56.4749,0.536133,16.0842,14,106.966,24,4.71329,25,117.832
Light,15,S,C3,57.8231,0.484691,-644.721,-1.15778,-34.7336,42,74.8993,47,2.34692,49,114.999
Light,15,S,C3,16.6335,0.138768,4505.8,1.19207,35.7624,1,119.999,0,119.999,1,119.999
Light,25,S,C3,37.139,0.319707,826.381,0.776656,23.2999,28,50.0328,33,2.95553,39,115.266
Light,20,S,C3,51.2592,0.429072,535.815,1.07244,32.1734,31,59.4327,60,1.89178,61,115.399
Light,20,S,C3,55.8434,0.495656,-687.117,-0.89284,-26.7855,47,91.9657,30,2.52801,44,111.232
Light,20,S,C3,20.6658,0.172408,2865.01,3.32719,99.8166,3,119.765,2,39.844,3,119.532
Light,20,S,C3,18.0358,0.151224,-3550.25,-2.81171,-84.3522,12,98.799,17,5.91827,20,118.365
