Dark-Light,Size,Salinity,Concentration,Distance_moved_Total,Velocity_Mean,Meander,Turn angle,Angular velocity,In_zone_Frequency,In_zone_Cumulative_duration,Movement_Mean,Movement,Freezing_Mean,Freezing_Frequency,Freezing_duration,,
Dark_1,L,5,Dark_1-MC1-5,0.104811,0.0523838,13739.1,180,5397.79,1,120.032,,0,2.00082,1,2.00082,,
Dark_1,L,5,Dark_1-MC1-5,0.856288,0.427971,-5544.03,-2.18336,-65.4748,1,120.032,0.266774,1,0.867017,2,1.73403,,L- Mico
Dark_2,L,5,Dark_2-MC1-5,0.112792,0.0563731,-7802.1,-127.71,-3829.74,1,120.032,,0,2.00082,1,2.00082,,S- Nano
Dark_2,L,5,Dark_2-MC1-5,0.877325,0.438486,5928.7,-19.5096,-585.051,1,119.965,,0,2.00081,1,2.00081,,LT- Leachate
Dark_3,L,5,Dark_3-MC1-5,0.106958,0.0534569,11772.6,180,5397.79,1,120.032,,0,2.00082,1,2.00082,,
Dark_3,L,5,Dark_3-MC1-5,0.563021,0.281397,5160.32,13.5461,406.213,1,120.032,,0,2.00081,1,2.00081,,C1- 60 part/ml
Light_1,L,5,Light_1-MC1-5,0.292335,0.146108,10603,141.48,4242.65,1,120.032,,0,2.00082,1,2.00082,,C2- 6000 part/ml
Light_1,L,5,Light_1-MC1-5,0.398888,0.199363,-6778.37,8.58973,257.594,12,117.865,,0,2.00081,1,2.00081,,"C23- 60,000 part/ml"
Light_2,L,5,Light_2-MC1-5,0.168634,0.0842827,7167.87,96.0414,2880.06,1,120.032,,0,2.00082,1,2.00082,,
Light_2,L,5,Light_2-MC1-5,0.565498,0.282635,-6847.78,-3.81835,-114.504,2,119.532,,0,2.00081,1,2.00081,,
Light_3,L,5,Light_3-MC1-5,0.148251,0.0740953,11899.6,180,5397.79,1,120.032,,0,2.00082,1,2.00082,,
Light_3,L,5,Light_3-MC1-5,0.658863,0.329299,-44135.2,-30.5728,-916.82,4,118.932,,0,2.00081,1,2.00081,,
Dark_1,L,5,Dark_1-MC2-5,0.558331,0.279052,-4557.32,2.57108,77.0947,1,120.032,,0,2.00081,1,2.00081,,
Dark_1,L,5,Dark_1-MC2-5,0,0,,,,1,120.032,,0,2.00082,1,2.00082,,
Dark_1,L,5,Dark_1-MC2-5,0.039688,0.0198359,13017.3,180,5397.79,1,120.032,,0,2.0008,1,2.0008,,
Dark_2,L,5,Dark_2-MC2-5,0.388849,0.194346,-68996.6,-1.79586,-53.8618,1,120.032,0.233427,1,0.88369,2,1.76738,,
Dark_2,L,5,Dark_2-MC2-5,0,0,,,,1,120.032,,0,2.00082,1,2.00082,,
Dark_2,L,5,Dark_2-MC2-5,1.93794,0.968599,8308.6,104.188,3124.4,1,120.032,0.033347,1,0.983727,2,1.96745,,
Dark_3,L,5,Dark_3-MC2-5,0.613004,0.316943,-20161.7,-6.78575,-203.489,1,120.032,0.066694,1,0.967057,2,1.93411,,
Dark_3,L,5,Dark_3-MC2-5,0.0308594,0.0154234,11665.8,180,5397.79,1,120.032,,0,2.00082,1,2.00082,,
Dark_3,L,5,Dark_3-MC2-5,3.99158,1.995,783.52,14.2355,426.9,1,120.032,0.066694,1,0.967054,2,1.93411,,
Light_1,L,5,Light_1-MC2-5,0.413251,0.206542,-15230.2,-20.9605,-628.563,1,120.032,0.166734,1,0.917037,2,1.83407,,
Light_1,L,5,Light_1-MC2-5,0,0,,,,1,120.032,,0,2.00082,1,2.00082,,
Light_1,L,5,Light_1-MC2-5,0.039688,0.0198361,13988.4,180,5397.87,1,120.032,,0,2.0008,1,2.0008,,
Light_2,L,5,Light_2-MC2-5,0.55852,0.279147,-2092.3,9.36413,280.812,1,120.032,0.233427,1,0.88369,2,1.76738,,
Light_2,L,5,Light_2-MC2-5,0,0,,,,1,120.032,,0,2.00082,1,2.00082,,
Light_2,L,5,Light_2-MC2-5,3.7625,1.88051,-9674.47,-12.2437,-367.165,1,120.032,0.066694,1,0.967054,2,1.93411,,
Light_3,L,5,Light_3-MC2-5,0.323041,0.161455,17838.3,2.77036,83.0818,1,120.032,,0,2.00081,1,2.00081,,
Light_3,L,5,Light_3-MC2-5,1.12742,0.563477,1646.58,9.63296,288.87,1,120.032,0.233429,1,0.883695,2,1.76739,,
Light_3,L,5,Light_3-MC2-5,0.833065,0.416366,2298.43,6.7322,201.893,1,120.032,,0,2.0008,1,2.0008,,
Dark_1,L,5,Dark_1-MC3-5,1.1238,0.561669,9202.89,19.0179,570.302,4,114.299,0.233429,1,0.883695,2,1.76739,,
Dark_1,L,5,Dark_1-MC3-5,1.25154,0.625515,-6943.53,7.98303,239.393,1,120.032,0.250103,2,0.500205,3,1.50062,,
Dark_1,L,5,Dark_1-MC3-5,0.0279501,0.0139693,12880.1,180,5397.79,1,120.032,,0,2.0008,1,2.0008,,
Dark_2,L,5,Dark_2-MC3-5,0.169353,0.0846418,43991.8,54.2862,1627.92,1,120.032,,0,2.00082,1,2.00082,,
Dark_2,L,5,Dark_2-MC3-5,0.940225,0.46992,-2230.73,3.76976,113.046,3,118.465,0.200082,1,0.900369,2,1.80074,,
Dark_2,L,5,Dark_2-MC3-5,0.0521551,0.0260672,13876.5,180,5397.95,1,120.032,,0,2.0008,1,2.0008,,
Dark_3,L,5,Dark_3-MC3-5,0.16118,0.080557,-19509.1,-45.0947,-1352.29,1,120.032,,0,2.00082,1,2.00082,,
Dark_3,L,5,Dark_3-MC3-5,0.892343,0.445989,8130.65,7.72471,231.646,5,118.199,0.166735,1,1.83408,1,1.83408,,
Dark_3,L,5,Dark_3-MC3-5,0.0559001,0.027939,12880.1,180,5397.79,1,120.032,,0,2.0008,1,2.0008,,
Light_1,L,5,Light_1-MC3-5,0.132341,0.0661433,27972.6,36.8648,1105.49,1,120.032,,0,2.00082,1,2.00082,,
Light_1,L,5,Light_1-MC3-5,0.795182,0.397428,-782.099,-19.1961,-575.648,1,120.032,0.233429,1,0.883695,2,1.76739,,
Light_1,L,5,Light_1-MC3-5,0,0,,,,1,120.032,,0,2.0008,1,2.0008,,
Light_2,L,5,Light_2-MC3-5,0.174798,0.0873631,-12733.1,-8.15073,-244.422,1,120.032,,0,2.00082,1,2.00082,,
Light_2,L,5,Light_2-MC3-5,0.864845,0.432245,-19635.8,-6.435,-192.971,1,120.032,0.100041,2,0.900369,2,1.80074,,
Light_2,L,5,Light_2-MC3-5,0,0,,,,1,120.032,,0,2.0008,1,2.0008,,
Light_3,L,5,Light_3-MC3-5,0.199029,0.0994739,-12630.9,8.90147,266.935,1,120.032,,0,2.00082,1,2.00082,,
Light_3,L,5,Light_3-MC3-5,1.11042,0.554983,12522.9,6.00777,180.159,1,120.032,0.200082,2,0.533552,3,1.60066,,
Light_3,L,5,Light_3-MC3-5,0.0279501,0.0139695,,,,1,120.032,,0,2.0008,1,2.0008,,
Dark_1,L,15,Dark_1-MC1-15,8.34277,4.16967,129.511,180,5397.79,1,120.032,0.066694,3,0.450184,4,1.80074,,
Dark_1,L,15,Dark_1-MC1-15,0.411549,0.20569,7466.91,13.2369,396.945,1,120.032,0.200082,1,0.900369,2,1.80074,,
Dark_2,L,15,Dark_2-MC1-15,2.73233,1.3656,131.756,180,5397.79,1,120.032,0.066694,1,0.967063,2,1.93413,,
Dark_2,L,15,Dark_2-MC1-15,0.479048,0.239426,9092.77,7.36262,220.788,1,120.032,,0,2.00082,1,2.00082,,
Dark_3,L,15,Dark_3-MC1-15,0,0,,,,1,120.032,,0,2.00082,1,2.00082,,
Dark_3,L,15,Dark_3-MC1-15,0.0661052,0.0330391,37698.5,-7.42432,-222.638,1,120.032,,0,2.00082,1,2.00082,,
Light_1,L,15,Light_1-MC1-15,0,0,,,,2,119.899,,0,2.00082,1,2.00082,,
Light_1,L,15,Light_1-MC1-15,0.502433,0.251113,109.281,-2.84616,-85.3498,1,120.032,,0,2.00082,1,2.00082,,
Light_2,L,15,Light_2-MC1-15,2.64014,1.31953,136.356,180,5397.79,1,120.032,0.066694,1,0.967063,2,1.93413,,
Light_2,L,15,Light_2-MC1-15,0.23036,0.115133,54609.4,44.0015,1319.5,1,120.032,,0,2.00082,1,2.00082,,
Light_3,L,15,Light_3-MC1-15,10.8103,5.40295,6266.09,9.26451,277.821,1,120.032,0.0889253,6,0.20961,7,1.46727,,
Light_3,L,15,Light_3-MC1-15,0.325204,0.162535,4479.55,-3.7142,-111.38,1,120.032,,0,2.00082,1,2.00082,,
Dark_1,L,15,Dark_1-MC2-15,0.573116,0.286441,-1258.77,1.87904,56.348,1,120.032,,0,2.00082,1,2.00082,,
Dark_1,L,15,Dark_1-MC2-15,0,0,,,,1,120.032,,0,2.00081,1,2.00081,,
Dark_1,L,15,Dark_1-MC2-15,0,0,,,,,,,0,2.00081,1,2.00081,,
Dark_2,L,15,Dark_2-MC2-15,0.473704,0.236755,-1987.39,-1.94243,-58.249,1,120.032,,0,2.00082,1,2.00082,,
Dark_2,L,15,Dark_2-MC2-15,0,0,,,,1,120.032,,0,2.00081,1,2.00081,,
Dark_2,L,15,Dark_2-MC2-15,0,0,,,,,,,0,2.00081,1,2.00081,,
Dark_3,L,15,Dark_3-MC2-15,0.219331,0.10962,834.626,6.65782,199.653,1,120.032,,0,2.00082,1,2.00082,,
Dark_3,L,15,Dark_3-MC2-15,0.225636,0.112772,33095.3,-4.83892,-145.118,1,120.032,,0,2.00081,1,2.00081,,
Dark_3,L,15,Dark_3-MC2-15,0,0,,,,,,,0,2.00081,1,2.00081,,
Light_1,L,15,Light_1-MC2-15,0.517502,0.258645,-1125.32,13.0539,391.457,5,114.666,,0,2.00082,1,2.00082,,
Light_1,L,15,Light_1-MC2-15,1.39728,0.698353,10968.5,41.6436,1248.81,4,119.732,0.033347,1,0.98373,2,1.96746,,
Light_1,L,15,Light_1-MC2-15,0,0,,,,,,,0,2.00081,1,2.00081,,
Light_2,L,15,Light_2-MC2-15,0.603107,0.30143,-9494.01,11.7661,352.839,1,120.032,,0,2.00082,1,2.00082,,
Light_2,L,15,Light_2-MC2-15,0.0645394,0.0322566,28886,43.5737,1306.69,1,120.032,,0,2.00081,1,2.00081,,
Light_2,L,15,Light_2-MC2-15,0,0,,,,,,,0,2.00081,1,2.00081,,
Light_3,L,15,Light_3-MC2-15,0.476189,0.237997,-4071,9.17438,275.119,1,120.032,,0,2.00082,1,2.00082,,
Light_3,L,15,Light_3-MC2-15,0.0828205,0.0413935,-6926.8,-6.37938,-191.297,3,119.599,,0,2.00081,1,2.00081,,
Light_3,L,15,Light_3-MC2-15,0,0,,,,,,,0,2.00081,1,2.00081,,
Dark_1,L,15,Dark_1-MC3-15,30.9809,15.4842,871.426,40.0306,1200.43,2,103.466,0.10671,5,0.293452,5,1.46726,,
Dark_1,L,15,Dark_1-MC3-15,0,0,,,,1,120.032,,0,2.0008,1,2.0008,,
Dark_1,L,15,Dark_1-MC3-15,0,0,,,,1,120.032,,0,2.0008,1,2.0008,,
Dark_2,L,15,Dark_2-MC3-15,4.11519,2.05675,-13148.6,-23.9378,-717.836,2,117.065,0.066694,1,0.967057,2,1.93411,,
Dark_2,L,15,Dark_2-MC3-15,0,0,,,,1,120.032,,0,2.0008,1,2.0008,,
Dark_2,L,15,Dark_2-MC3-15,0,0,,,,1,120.032,,0,2.0008,1,2.0008,,
Dark_3,L,15,Dark_3-MC3-15,0.135837,0.067891,47053.1,22.9096,687.008,3,114.032,,0,2.00081,1,2.00081,,
Dark_3,L,15,Dark_3-MC3-15,1.20913,0.604332,-165.683,-11.2892,-338.531,1,119.965,0.166734,1,0.917034,2,1.83407,,
Dark_3,L,15,Dark_3-MC3-15,1.00868,0.504147,28092,22.1021,662.797,1,120.032,0.033347,1,0.983727,2,1.96745,,
Light_1,L,15,Light_1-MC3-15,21.7779,10.8846,4005.91,19.9116,597.103,1,120.032,0.0458519,8,0.181555,9,1.63399,,
Light_1,L,15,Light_1-MC3-15,0,0,,,,1,120.032,,0,2.0008,1,2.0008,,
Light_1,L,15,Light_1-MC3-15,0,0,,,,1,120.032,,0,2.0008,1,2.0008,,
Light_2,L,15,Light_2-MC3-15,0.159693,0.0798143,25557.7,39.7313,1191.45,1,120.032,,0,2.00081,1,2.00081,,
Light_2,L,15,Light_2-MC3-15,0,0,,,,1,119.132,,0,2.0008,1,2.0008,,
Light_2,L,15,Light_2-MC3-15,0.0201069,0.0100493,,,,1,120.032,,0,2.0008,1,2.0008,,
Light_3,L,15,Light_3-MC3-15,0.152302,0.0761206,-51852.7,5.51081,165.261,8,98.0657,,0,2.00081,1,2.00081,,
Light_3,L,15,Light_3-MC3-15,0.21089,0.105402,48562.3,20.0597,601.546,1,120.032,,0,2.0008,1,2.0008,,
Light_3,L,15,Light_3-MC3-15,0.0707912,0.0353815,14842.5,2.43372,72.9827,6,85.6991,,0,2.0008,1,2.0008,,
Dark_1,L,25,Dark_1-MC1-25,0.167418,0.0836745,5683.54,180,5397.79,1,120.032,,0,2.00082,1,2.00082,,
Dark_1,L,25,Dark_1-MC1-25,2.2591,1.12909,-557.963,-1.45177,-43.5368,1,120.032,0.033347,1,0.98373,2,1.96746,,
Dark_1,L,25,Dark_1-MC1-25,1.38717,0.693306,1258.27,10.9197,327.455,3,118.632,0.566894,1,0.716954,2,1.43391,,
Dark_1,L,25,Dark_1-MC1-25,1.01365,0.506623,-1456.68,-1.23161,-36.9405,1,120.032,0.116713,2,0.589125,3,1.76737,,
Dark_2,L,25,Dark_2-MC1-25,0.030781,0.0153842,11695.5,180,5397.79,1,120.032,,0,2.00082,1,2.00082,,
Dark_2,L,25,Dark_2-MC1-25,0.757609,0.378651,-8747.4,-7.80191,-233.963,1,120.032,0.300121,1,1.70069,1,1.70069,,
Dark_2,L,25,Dark_2-MC1-25,0.523954,0.261872,-3114.7,9.23767,277.022,1,120.032,0.10004,1,1.90076,1,1.90076,,
Dark_2,L,25,Dark_2-MC1-25,0.61264,0.306197,9560.92,6.0334,180.927,1,120.032,0.20008,1,0.900361,2,1.80072,,
Dark_3,L,25,Dark_3-MC1-25,0,0,,,,1,120.032,,0,2.00082,1,2.00082,,
Dark_3,L,25,Dark_3-MC1-25,0.274976,0.137432,81862.2,32.777,982.933,1,120.032,,0,2.00081,1,2.00081,,
Dark_3,L,25,Dark_3-MC1-25,0.724206,0.361958,2327.38,0.216118,6.48158,2,117.532,,0,2.0008,1,2.0008,,
Dark_3,L,25,Dark_3-MC1-25,0.973053,0.486333,-10106,-21.3391,-639.922,1,120.032,0.066693,2,0.622472,3,1.86742,,
Light_1,L,25,Light_1-MC1-25,0,0,,,,1,120.032,,0,2.00082,1,2.00082,,
Light_1,L,25,Light_1-MC1-25,0.923773,0.461701,-2146.17,-15.9904,-479.523,7,119.099,0.133387,1,0.93371,2,1.86742,,
Light_1,L,25,Light_1-MC1-25,1.48743,0.74342,-237.971,-4.3801,-131.343,1,120.032,1.0004,1,1.0004,1,1.0004,,
Light_1,L,25,Light_1-MC1-25,0.808317,0.403997,-348.888,-4.15586,-124.625,4,119.632,,0,2.0008,1,2.0008,,
Light_2,L,25,Light_2-MC1-25,0,0,,,,1,120.032,,0,2.00082,1,2.00082,,
Light_2,L,25,Light_2-MC1-25,0.530468,0.265127,-15146.1,3.89673,116.865,11,116.432,,0,2.00081,1,2.00081,,
Light_2,L,25,Light_2-MC1-25,0.786761,0.393223,12468.2,20.4579,613.499,3,117.932,,0,2.0008,1,2.0008,,
Light_2,L,25,Light_2-MC1-25,0.355524,0.177691,-9237.38,10.9275,327.7,1,120.032,,0,2.0008,1,2.0008,,
Light_3,L,25,Light_3-MC1-25,0.0382268,0.0191056,-14586.6,1.27E-14,0,1,120.032,,0,2.00082,1,2.00082,,
Light_3,L,25,Light_3-MC1-25,0.990524,0.495061,2540.79,8.16505,244.854,3,119.399,0.15006,2,0.566896,3,1.70069,,
Light_3,L,25,Light_3-MC1-25,1.12605,0.562798,-5712.74,4.05733,121.673,1,120.032,,0,2.0008,1,2.0008,,
Light_3,L,25,Light_3-MC1-25,0.260061,0.129978,-4278.62,11.8619,355.716,1,120.032,,0,2.0008,1,2.0008,,
Dark_1,L,25,Dark_1-MC2-25,2.37908,1.18905,-213.583,4.29685,128.853,1,120.032,0.033347,1,0.983736,2,1.96747,,
Dark_1,L,25,Dark_1-MC2-25,0.17973,0.0898283,28795.3,5.78102,173.36,1,120.032,,0,2.00082,1,2.00082,,
Dark_1,L,25,Dark_1-MC2-25,0,0,,,,1,120.032,,0,2.0008,1,2.0008,,
Dark_2,L,25,Dark_2-MC2-25,0.716303,0.358005,8829.56,9.658,289.621,1,120.032,,0,2.00082,1,2.00082,,
Dark_2,L,25,Dark_2-MC2-25,0.0512166,0.0255978,65170.6,52.3738,1570.57,1,120.032,,0,2.00082,1,2.00082,,
Dark_2,L,25,Dark_2-MC2-25,0.0369955,0.0184905,,,,1,120.032,,0,2.0008,1,2.0008,,
Dark_3,L,25,Dark_3-MC2-25,0.211724,0.105819,6036.63,8.41813,252.44,1,120.032,,0,2.00082,1,2.00082,,
Dark_3,L,25,Dark_3-MC2-25,0.0719718,0.0359712,88684.4,147.273,4416.37,1,120.032,,0,2.00082,1,2.00082,,
Dark_3,L,25,Dark_3-MC2-25,0.0369955,0.0184907,,,,1,120.032,,0,2.0008,1,2.0008,,
Light_1,L,25,Light_1-MC2-25,0.61616,0.307954,2987.94,-4.58861,-137.602,1,120.032,0.033347,1,0.983736,2,1.96747,,
Light_1,L,25,Light_1-MC2-25,0.131871,0.0659086,21633.7,98.7107,2960.11,1,120.032,,0,2.00082,1,2.00082,,
Light_1,L,25,Light_1-MC2-25,0,0,,,,1,120.032,,0,2.0008,1,2.0008,,
Light_2,L,25,Light_2-MC2-25,0.342335,0.171098,31917.9,13.4775,404.158,1,120.032,,0,2.00082,1,2.00082,,
Light_2,L,25,Light_2-MC2-25,0.0990658,0.0495126,44329.3,124.751,3741.01,2,119.965,,0,2.00082,1,2.00082,,
Light_2,L,25,Light_2-MC2-25,0,0,,,,1,120.032,,0,2.0008,1,2.0008,,
Light_3,L,25,Light_3-MC2-25,0.298077,0.148977,32505,11.3131,339.253,1,120.032,,0,2.00082,1,2.00082,,
Light_3,L,25,Light_3-MC2-25,0.0114012,0.00569825,107845,-55.592,-1667.08,1,120.032,,0,2.00082,1,2.00082,,
Light_3,L,25,Light_3-MC2-25,0,0,,,,1,120.032,,0,2.0008,1,2.0008,,
Dark_1,L,25,Dark_1-MC3-25,0.733966,0.366833,-7154.06,3.99654,119.847,1,120.032,0.300123,1,0.850348,2,1.7007,,
Dark_1,L,25,Dark_1-MC3-25,3.46141,1.73001,-80.6713,-19.9535,-598.336,1,120.032,0.05002,2,0.633589,3,1.90077,,
Dark_1,L,25,Dark_1-MC3-25,0,0,,,,1,120.032,,0,2.0008,1,2.0008,,
Dark_2,L,25,Dark_2-MC3-25,0.695827,0.347771,28124.2,0.460647,13.8138,1,120.032,0.066694,1,1.93413,1,1.93413,,
Dark_2,L,25,Dark_2-MC3-25,0,0,,,,1,120.032,,0,2.00081,1,2.00081,,
Dark_2,L,25,Dark_2-MC3-25,0,0,,,,1,120.032,,0,2.0008,1,2.0008,,
Dark_3,L,25,Dark_3-MC3-25,0.519956,0.259871,-26782.3,-15.9247,-477.545,1,120.032,,0,2.00082,1,2.00082,,
Dark_3,L,25,Dark_3-MC3-25,0,0,,,,1,120.032,,0,2.00081,1,2.00081,,
Dark_3,L,25,Dark_3-MC3-25,0.0624004,0.0311874,8653.79,180,5397.79,1,120.032,,0,2.0008,1,2.0008,,
Light_1,L,25,Light_1-MC3-25,0.997062,0.498327,830.084,11.3716,341.008,4,118.232,0.216755,2,0.783654,2,1.56731,,
Light_1,L,25,Light_1-MC3-25,0,0,,,,1,120.032,,0,2.00081,1,2.00081,,
Light_1,L,25,Light_1-MC3-25,0,0,,,,1,120.032,,0,2.0008,1,2.0008,,
Light_2,L,25,Light_2-MC3-25,0.548052,0.273914,23055.9,5.81095,174.257,1,120.032,,0,2.00082,1,2.00082,,
Light_2,L,25,Light_2-MC3-25,0,0,,,,1,120.032,,0,2.00081,1,2.00081,,
Light_2,L,25,Light_2-MC3-25,0,0,,,,1,120.032,,0,2.0008,1,2.0008,,
Light_3,L,25,Light_3-MC3-25,0.113745,0.056849,10440.3,2.58391,77.4855,1,120.032,,0,2.00082,1,2.00082,,
Light_3,L,25,Light_3-MC3-25,7.39368,3.69536,57114,18.4417,553.032,1,120.032,0.0666933,3,0.450182,4,1.80073,,
Light_3,L,25,Light_3-MC3-25,0.0208001,0.0103958,,,,1,120.032,,0,2.0008,1,2.0008,,
Dark_1,LT,5,Dark_1-LT-5,45.0444,0.377576,-1491.12,2.15812,64.7443,21,57.7328,0.213331,20,5.49518,21,115.399,,
Dark_1,LT,5,Dark_1-LT-5,29.3293,0.244549,-568.438,0.176133,5.28406,14,95.399,0.206059,11,9.81101,12,117.732,,
Dark_1,LT,5,Dark_1-LT-5,30.695,0.255937,1622.23,0.124555,3.73668,17,39.1996,,0,119.999,1,119.999,,
Dark_1,LT,5,Dark_1-LT-5,40.6603,0.339028,357.534,-0.1772,-5.31604,31,91.1324,0.196427,56,1.91226,57,108.999,,
Dark_2,LT,5,Dark_2-LT-5,0.875536,0.437772,2423.73,-1.52066,-45.6204,0,0,,0,1.99998,1,1.99998,,
Dark_2,LT,5,Dark_2-LT-5,0.164148,0.082075,15067.9,1.4031,42.0935,1,1.99998,,0,1.99998,1,1.99998,,
Dark_2,LT,5,Dark_2-LT-5,0.481154,0.240579,17260,-3.32909,-99.8738,0,0,,0,1.99998,1,1.99998,,
Dark_2,LT,5,Dark_2-LT-5,0.845766,0.422887,-12414,-8.18377,-245.516,1,1.99998,0.166665,2,0.55555,3,1.66665,,
Dark_3,LT,5,Dark_3-LT-5,0.694833,0.34742,-27367.1,-12.3061,-369.185,0,0,0.199998,1,0.899991,2,1.79998,,
Dark_3,LT,5,Dark_3-LT-5,0.841786,0.420897,-15831.8,-7.80725,-234.22,5,1.79998,0.199998,1,0.899991,2,1.79998,,
Dark_3,LT,5,Dark_3-LT-5,0.605511,0.302759,4371.2,-9.03058,-270.92,0,0,,0,1.99998,1,1.99998,,
Dark_3,LT,5,Dark_3-LT-5,1.08391,0.541961,19835.4,25.6422,769.275,1,1.06666,0.055555,3,0.458329,4,1.83332,,
Light_1,LT,5,Light_1-LT-5,45.2147,0.377212,-1709.39,0.277711,8.33141,36,88.3991,0.404758,7,14.6457,8,117.165,,
Light_1,LT,5,Light_1-LT-5,27.0836,0.22595,3012.4,1.61481,48.4447,2,119.965,0.137877,22,5.08546,23,116.965,,
Light_1,LT,5,Light_1-LT-5,26.5347,0.22137,1020.39,1.14783,34.4352,18,97.3324,,0,119.999,1,119.999,,
Light_1,LT,5,Light_1-LT-5,49.6475,0.414194,-1613.19,-3.18802,-95.6415,87,54.0995,0.35208,32,3.29492,33,108.732,,
Light_2,LT,5,Light_2-LT-5,1.05001,0.525013,6772.69,21.0664,631.999,0,0,,0,1.99998,1,1.99998,,
Light_2,LT,5,Light_2-LT-5,0.370376,0.18519,13709.7,2.37746,71.3246,1,1.99998,,0,1.99998,1,1.99998,,
Light_2,LT,5,Light_2-LT-5,0.434229,0.217117,-2786.34,-30.175,-905.259,0,0,,0,1.99998,1,1.99998,,
Light_2,LT,5,Light_2-LT-5,0.581675,0.29084,3569.01,-0.480142,-14.4044,1,1.99998,,0,1.99998,1,1.99998,,
Light_3,LT,5,Light_3-LT-5,0.458771,0.229388,-5686.04,16.4231,492.699,0,0,,0,1.99998,1,1.99998,,
Light_3,LT,5,Light_3-LT-5,0.604982,0.302494,63895.7,6.35477,190.645,6,1.56665,,0,1.99998,1,1.99998,,
Light_3,LT,5,Light_3-LT-5,0.568322,0.284164,-5591.66,-29.7377,-892.141,0,0,,0,1.99998,1,1.99998,,
Light_3,LT,5,Light_3-LT-5,0.645893,0.32295,-630.599,13.4573,403.723,4,1.19999,0.166665,1,1.83332,1,1.83332,,
Dark_1,LT,15,Dark_1-LT-15,41.4109,0.348189,912.571,2.60296,78.0897,17,95.099,0.164813,18,6.12099,19,116.299,,
Dark_1,LT,15,Dark_1-LT-15,23.3977,0.195091,-1540.8,-1.30492,-39.1479,12,33.9663,,0,119.999,1,119.999,,
Dark_1,LT,15,Dark_1-LT-15,32.9063,0.283352,4051.64,3.64783,109.436,9,36.1996,0.153332,10,10.4454,11,114.899,,
Dark_1,LT,15,Dark_1-LT-15,26.8867,0.224183,639.908,3.14664,94.4001,1,119.999,0.142856,7,14.8749,8,118.999,,
Dark_2,LT,15,Dark_2-LT-15,0.343664,0.171834,9545.48,3.60394,108.119,1,1.99998,,0,1.99998,1,1.99998,,
Dark_2,LT,15,Dark_2-LT-15,0.236063,0.118033,-8419.7,-33.7715,-1013.15,0,0,,0,1.99998,1,1.99998,,
Dark_2,LT,15,Dark_2-LT-15,0.129136,0.0645688,10637.9,2.67282,80.1855,1,1.99998,,0,1.99998,1,1.99998,,
Dark_2,LT,15,Dark_2-LT-15,0.524407,0.262206,2359.82,15.0387,451.165,1,1.99998,,0,1.99998,1,1.99998,,
Dark_3,LT,15,Dark_3-LT-15,0.214913,0.107457,-8289.82,-15.5014,-465.046,1,1.99998,0.033333,1,1.96665,1,1.96665,,
Dark_3,LT,15,Dark_3-LT-15,0.260694,0.130348,-1961.11,8.12143,243.645,0,0,,0,1.99998,1,1.99998,,
Dark_3,LT,15,Dark_3-LT-15,0.217067,0.108535,23405.7,13.1772,395.32,1,1.99998,,0,1.99998,1,1.99998,,
Dark_3,LT,15,Dark_3-LT-15,0.936199,0.468104,-9258.89,5.34974,160.494,1,1.99998,,0,1.99998,1,1.99998,,
Light_1,LT,15,Light_1-LT-15,126.065,1.17783,1578.98,-0.277513,-8.32548,61,83.9658,0.247824,46,3.97063,25,99.2657,,
Light_1,LT,15,Light_1-LT-15,24.9609,0.208241,-444.952,-0.212881,-6.3865,19,23.4664,0.133332,4,23.8931,5,119.465,,
Light_1,LT,15,Light_1-LT-15,22.2345,0.185495,3507.83,1.59905,47.9721,49,87.6325,0.154165,8,13.1962,9,118.765,,
Light_1,LT,15,Light_1-LT-15,31.8367,0.265604,1336.37,0.400124,12.0039,91,39.9996,0.161903,7,14.8582,8,118.865,,
Light_2,LT,15,Light_2-LT-15,0.67976,0.339883,-21534.4,13.6179,408.541,1,1.99998,0.133332,1,1.86665,1,1.86665,,
Light_2,LT,15,Light_2-LT-15,0.266613,0.133308,-2313.91,-4.1543,-124.63,0,0,,0,1.99998,1,1.99998,,
Light_2,LT,15,Light_2-LT-15,0.387711,0.193858,440.732,-12.7333,-382.001,1,1.99998,,0,1.99998,1,1.99998,,
Light_2,LT,15,Light_2-LT-15,0.612063,0.306035,-7171.74,-18.0725,-542.18,1,1.99998,,0,1.99998,1,1.99998,,
Light_3,LT,15,Light_3-LT-15,0.574809,0.287407,-3706.7,-8.51482,-255.447,1,1.99998,0.199998,1,0.899991,2,1.79998,,
Light_3,LT,15,Light_3-LT-15,0.309119,0.154561,-3943.11,-3.24114,-97.2351,0,0,,0,1.99998,1,1.99998,,
Light_3,LT,15,Light_3-LT-15,0.263257,0.13163,19654.4,10.6534,319.606,1,1.99998,,0,1.99998,1,1.99998,,
Light_3,LT,15,Light_3-LT-15,0.771992,0.386,-97088.8,-16.3601,-490.809,1,1.99998,0.166665,1,1.83332,1,1.83332,,
Dark_1,LT,25,Dark_1-LT-25,13.3103,0.110982,1937.85,-0.488157,-14.6448,9,115.766,,0,119.999,1,119.999,,
Dark_1,LT,25,Dark_1-LT-25,9.28095,0.077385,179.398,1.66132,49.8401,1,119.999,0.33333,1,59.8327,2,119.665,,
Dark_1,LT,25,Dark_1-LT-25,38.4806,0.320853,-141.531,0.848393,25.4521,4,119.832,0.0533328,5,19.9554,6,119.732,,
Dark_1,LT,25,Dark_1-LT-25,38.7665,0.323237,1396.55,2.51038,75.312,12,23.6331,0.213331,20,5.51106,21,115.732,,
Dark_1,LT,25,Dark_1-LT-25,0.160904,0.00134162,190552,104.211,3126.35,0,0,,0,119.999,1,119.999,,
Dark_2,LT,25,Dark_2-LT-25,0.682261,0.341134,-17726.2,-34.6442,-1039.34,1,1.99998,,0,1.99998,1,1.99998,,
Dark_2,LT,25,Dark_2-LT-25,0.224854,0.112428,-4244.11,15.9101,477.308,1,1.99998,,0,1.99998,1,1.99998,,
Dark_2,LT,25,Dark_2-LT-25,0.831481,0.415745,-5771.22,-24.5048,-735.153,0,0,,0,1.99998,1,1.99998,,
Dark_2,LT,25,Dark_2-LT-25,0.619142,0.309574,-840.88,-1.04204,-31.2616,1,1.99998,,0,1.99998,1,1.99998,,
Dark_2,LT,25,Dark_2-LT-25,0,0,,,,0,0,,0,1.99998,1,1.99998,,
Dark_3,LT,25,Dark_3-LT-25,0.555251,0.277628,382.125,-30.4612,-913.847,1,1.99998,,0,1.99998,1,1.99998,,
Dark_3,LT,25,Dark_3-LT-25,0.246959,0.123481,-2516.16,-3.86303,-115.892,1,1.99998,,0,1.99998,1,1.99998,,
Dark_3,LT,25,Dark_3-LT-25,0.0202285,0.303431,17796.7,180,5400.05,3,0.433329,,0,0.116665,2,0.233331,,
Dark_3,LT,25,Dark_3-LT-25,0.516176,0.25809,-7955.64,-30.2178,-906.543,1,1.99998,,0,1.99998,1,1.99998,,
Dark_3,LT,25,Dark_3-LT-25,0,0,,,,0,0,,0,1.99998,1,1.99998,,
Light_1,LT,25,Light_1-LT-25,31.0684,0.259194,2141.37,3.25451,97.6362,4,106.066,0.325923,9,11.7065,10,117.065,,
Light_1,LT,25,Light_1-LT-25,23.4128,0.195326,-1635.54,0.793763,23.8131,14,110.166,0.146665,5,19.8776,6,119.265,,
Light_1,LT,25,Light_1-LT-25,23.7362,0.198024,216.566,0.422128,12.664,1,119.999,,0,119.999,1,119.999,,
Light_1,LT,25,Light_1-LT-25,79.6957,0.664876,-296.541,-1.08801,-32.6407,9,14.1332,0.658817,17,6.04438,18,108.799,,
Light_1,LT,25,Light_1-LT-25,0.363978,0.00303655,141067,96.9231,2907.72,0,0,,0,119.999,1,119.999,,
Light_2,LT,25,Light_2-LT-25,0.50925,0.254628,-13323,8.06821,242.049,1,1.99998,,0,1.99998,1,1.99998,,
Light_2,LT,25,Light_2-LT-25,0.291823,0.145913,14439,31.3891,941.683,1,1.99998,,0,1.99998,1,1.99998,,
Light_2,LT,25,Light_2-LT-25,0.875873,0.559073,5646.05,36.4696,1094.1,1,0.066666,0.133332,1,0.588883,3,1.76665,,
Light_2,LT,25,Light_2-LT-25,0.55367,0.276838,11073.5,15.4297,462.894,1,1.99998,,0,1.99998,1,1.99998,,
Light_2,LT,25,Light_2-LT-25,0,0,,,,0,0,,0,1.99998,1,1.99998,,
Light_3,LT,25,Light_3-LT-25,0.667395,0.333701,-5164.17,23.7674,713.031,1,1.99998,,0,1.99998,1,1.99998,,
Light_3,LT,25,Light_3-LT-25,0.269853,0.134928,2351.11,11.2097,336.294,1,1.99998,,0,1.99998,1,1.99998,,
Light_3,LT,25,Light_3-LT-25,,,,,,3,0.566661,,,,,,,
Light_3,LT,25,Light_3-LT-25,0.326179,0.163091,-11041.6,-6.29536,-188.863,1,1.99998,,0,1.99998,1,1.99998,,
Light_3,LT,25,Light_3-LT-25,0,0,,,,0,0,,0,1.99998,1,1.99998,,
Dark_1,o,5,Dark_1-Cont-5,0,0,,,,,,,0,2.00081,1,2.00081,,
Dark_1,o,5,Dark_1-Cont-5,5.37632,2.68706,-4046.37,6.84632,205.307,2,118.132,0.080032,5,0.32013,5,1.60065,,
Dark_1,o,5,Dark_1-Cont-5,0.349368,0.174614,30796,-1.90533,-57.1386,1,120.032,,0,2.00081,1,2.00081,,
Dark_1,o,5,Dark_1-Cont-5,0.0378538,0.0189191,9510.28,180,5397.79,1,120.032,,0,2.00082,1,2.00082,,
Dark_1,o,5,Dark_1-Cont-5,26.8635,0.223989,2421.26,2.41589,72.4774,11,103.266,0.213331,10,10.715,11,117.865,,
Dark_1,o,5,Dark_1-Cont-5,17.6149,0.146874,637.346,-0.653657,-19.6099,1,119.999,,0,119.999,1,119.999,,
Dark_1,o,5,Dark_1-Cont-5,15.5381,0.129557,1264.85,1.70575,51.173,1,119.999,0.0833325,2,39.944,3,119.832,,
Dark_1,o,5,Dark_1-Cont-5,1.37891,0.0114975,124144,92.8465,2785.42,0,0,,0,119.999,1,119.999,,
Dark_1,o,5,Dark_1-Cont-5,9.57013,0.0797962,-1019.17,-2.63374,-79.0128,1,119.999,,0,119.999,1,119.999,,
Dark_1,o,5,Dark_1-Cont-5,25.9657,0.216504,2580.05,5.1196,153.59,1,0.033333,,0,119.999,1,119.999,,
Dark_2,o,5,Dark_2-Cont-5,0,0,,,,,,,0,2.00081,1,2.00081,,
Dark_2,o,5,Dark_2-Cont-5,0.68596,0.342841,-6911.22,12.8393,385.025,1,120.032,0.066693,1,0.967057,2,1.93411,,
Dark_2,o,5,Dark_2-Cont-5,0.186133,0.0930285,25654.1,22.7045,680.859,1,120.032,,0,2.00081,1,2.00081,,
Dark_2,o,5,Dark_2-Cont-5,0.0189269,0.00945957,,,,1,120.032,,0,2.00082,1,2.00082,,
Dark_2,o,5,Dark_2-Cont-5,0.331301,0.165652,35637.1,31.1641,934.932,1,1.99998,,0,1.99998,1,1.99998,,
Dark_2,o,5,Dark_2-Cont-5,0.201884,0.100943,-5441,-34.9242,-1047.74,1,1.99998,,0,1.99998,1,1.99998,,
Dark_2,o,5,Dark_2-Cont-5,0.210189,0.105096,-9212.21,10.6836,320.51,1,1.99998,,0,1.99998,1,1.99998,,
Dark_2,o,5,Dark_2-Cont-5,0.00124487,0.000622442,289187,180,5400.05,0,0,,0,1.99998,1,1.99998,,
Dark_2,o,5,Dark_2-Cont-5,0.201861,0.100931,-3992.14,10.3849,311.55,1,1.99998,,0,1.99998,1,1.99998,,
Dark_2,o,5,Dark_2-Cont-5,0.13071,0.0653557,13537.8,16.4788,494.369,1,1.99998,,0,1.99998,1,1.99998,,
Dark_3,o,5,Dark_3-Cont-5,0,0,,,,,,,0,2.00081,1,2.00081,,
Dark_3,o,5,Dark_3-Cont-5,0.897354,0.448496,9168.21,11.562,346.725,1,120.032,,0,2.00081,1,2.00081,,
Dark_3,o,5,Dark_3-Cont-5,0.158866,0.0794008,22043.7,7.19184,215.679,1,120.032,,0,2.00081,1,2.00081,,
Dark_3,o,5,Dark_3-Cont-5,0,0,,,,1,120.032,,0,2.00082,1,2.00082,,
Dark_3,o,5,Dark_3-Cont-5,0.219718,0.10986,12266.8,29.9905,899.724,1,1.99998,,0,1.99998,1,1.99998,,
Dark_3,o,5,Dark_3-Cont-5,0.268433,0.134218,-17449.6,-16.3143,-489.432,1,1.99998,,0,1.99998,1,1.99998,,
Dark_3,o,5,Dark_3-Cont-5,0.196623,0.0983125,-604.809,-4.40355,-132.108,1,1.99998,,0,1.99998,1,1.99998,,
Dark_3,o,5,Dark_3-Cont-5,0,0,,,,0,0,,0,1.99998,1,1.99998,,
Dark_3,o,5,Dark_3-Cont-5,0.173351,0.0866765,-20995.9,-45.9815,-1379.46,1,1.99998,,0,1.99998,1,1.99998,,
Dark_3,o,5,Dark_3-Cont-5,0.145811,0.0729061,-6502.64,8.52369,255.713,1,1.99998,,0,1.99998,1,1.99998,,
Light_1,o,5,Light_1-Cont-5,0,0,,,,,,,0,2.00081,1,2.00081,,
Light_1,o,5,Light_1-Cont-5,0.814545,0.407109,-9775.04,-17.5238,-525.497,4,118.865,,0,2.00081,1,2.00081,,
Light_1,o,5,Light_1-Cont-5,0.483195,0.2415,-12451.1,18.6845,560.303,1,120.032,,0,2.00081,1,2.00081,,
Light_1,o,5,Light_1-Cont-5,1.39321,0.696318,-2691.44,36.5804,1096.96,1,120.032,0.100041,1,1.90078,1,1.90078,,
Light_1,o,5,Light_1-Cont-5,60.4386,0.50422,312.148,-3.42472,-102.743,38,88.8991,0.442588,18,5.89643,19,112.032,,
Light_1,o,5,Light_1-Cont-5,51.5896,0.430396,894.621,3.81367,114.411,365,53.5328,0.249547,37,2.91488,38,110.766,,
Light_1,o,5,Light_1-Cont-5,29.841,0.248954,-196.441,0.464288,13.9288,16,118.199,0.120369,18,6.20169,19,117.832,,
Light_1,o,5,Light_1-Cont-5,2.5235,0.0210528,75907.3,80.6628,2419.91,0,0,,0,119.999,1,119.999,,
Light_1,o,5,Light_1-Cont-5,23.8765,0.199194,-334.348,-1.20822,-36.2469,12,113.666,0.133332,17,6.54068,18,117.732,,
Light_1,o,5,Light_1-Cont-5,36.4974,0.304486,269.9,3.37997,101.4,7,88.4658,0.192422,22,5.03328,23,115.766,,
Light_2,o,5,Light_2-Cont-5,0,0,,,,1,0.133332,,0,2.00081,1,2.00081,,
Light_2,o,5,Light_2-Cont-5,0.95306,0.476339,-3601.53,-4.22574,-126.727,4,119.232,,0,2.00081,1,2.00081,,
Light_2,o,5,Light_2-Cont-5,0.0914264,0.0456947,10135.9,39.8484,1194.97,1,120.032,,0,2.00081,1,2.00081,,
Light_2,o,5,Light_2-Cont-5,0.0378538,0.0189191,,,,1,120.032,,0,2.00082,1,2.00082,,
Light_2,o,5,Light_2-Cont-5,0.197201,0.0986015,-6220.71,-14.8239,-444.721,1,1.99998,,0,1.99998,1,1.99998,,
Light_2,o,5,Light_2-Cont-5,0.124262,0.0621317,22845.4,28.0182,840.554,1,1.99998,,0,1.99998,1,1.99998,,
Light_2,o,5,Light_2-Cont-5,0.169973,0.0849874,31658.6,24.9464,748.399,1,1.99998,,0,1.99998,1,1.99998,,
Light_2,o,5,Light_2-Cont-5,0,0,,,,0,0,,0,1.99998,1,1.99998,,
Light_2,o,5,Light_2-Cont-5,0.217573,0.108788,-3274.23,16.6466,499.403,1,1.99998,,0,1.99998,1,1.99998,,
Light_2,o,5,Light_2-Cont-5,0.11886,0.0594306,2883.58,36.7158,1101.49,1,1.99998,,0,1.99998,1,1.99998,,
Light_3,o,5,Light_3-Cont-5,0,0,,,,,,,0,2.00081,1,2.00081,,
Light_3,o,5,Light_3-Cont-5,1.02981,0.514697,-3416.6,21.6877,650.37,5,118.465,,0,2.00081,1,2.00081,,
Light_3,o,5,Light_3-Cont-5,0.257111,0.128504,43000.3,21.8532,655.326,1,120.032,,0,2.00081,1,2.00081,,
Light_3,o,5,Light_3-Cont-5,0.0378538,0.0189191,9510.28,180,5397.79,1,120.032,,0,2.00082,1,2.00082,,
Light_3,o,5,Light_3-Cont-5,0.236878,0.11844,-1729.31,2.35189,70.5574,1,1.99998,,0,1.99998,1,1.99998,,
Light_3,o,5,Light_3-Cont-5,0.114717,0.0573591,29618.6,33.3954,1001.87,1,1.99998,,0,1.99998,1,1.99998,,
Light_3,o,5,Light_3-Cont-5,0.160628,0.080315,-19270,-20.6253,-618.764,1,1.99998,,0,1.99998,1,1.99998,,
Light_3,o,5,Light_3-Cont-5,0,0,,,,0,0,,0,1.99998,1,1.99998,,
Light_3,o,5,Light_3-Cont-5,0.212146,0.106074,-9883.2,3.31413,99.4248,1,1.99998,,0,1.99998,1,1.99998,,
Light_3,o,5,Light_3-Cont-5,0.1162,0.0581006,-10422,-1.40501,-42.1508,1,1.99998,,0,1.99998,1,1.99998,,
Dark_1,o,5,Dark_1-NOM-5,0.909031,0.454333,4515.03,7.53306,225.9,1,120.032,,0,2.00081,1,2.00081,,
Dark_1,o,5,Dark_1-NOM-5,11.8796,5.93736,1000.98,31.8207,954.238,1,120.032,0.044462,6,0.346806,5,1.73403,,
Dark_1,o,5,Dark_1-NOM-5,0.17444,0.087185,-38133.4,-29.2669,-877.66,1,120.032,,0,2.0008,1,2.0008,,
Dark_1,o,5,Dark_1-NOM-5,73.0525,0.609115,2216.34,-1.37032,-41.1099,34,108.299,0.212344,81,1.25365,82,102.799,,
Dark_1,o,5,Dark_1-NOM-5,7.54654,0.0629234,8211.3,76.9229,2307.71,0,0,,0,119.999,1,119.999,,
Dark_2,o,5,Dark_2-NOM-5,1.10198,0.550765,-445.625,-2.55698,-76.6761,1,120.032,,0,2.00081,1,2.00081,,
Dark_2,o,5,Dark_2-NOM-5,0.655645,0.327691,712.776,6.30031,188.936,1,120.032,,0,2.0008,1,2.0008,,
Dark_2,o,5,Dark_2-NOM-5,0.080247,0.0401074,46115.7,22.3969,671.634,1,120.032,,0,2.0008,1,2.0008,,
Dark_2,o,5,Dark_2-NOM-5,0.845325,0.422667,-12571.1,16.5236,495.712,4,0.33333,0.133332,1,0.933324,2,1.86665,,
Dark_2,o,5,Dark_2-NOM-5,0,0,,,,0,0,,0,1.99998,1,1.99998,,
Dark_3,o,5,Dark_3-NOM-5,0.468134,0.501372,16610,19.4997,584.755,4,118.799,0.033347,1,0.500202,2,1.0004,,
Dark_3,o,5,Dark_3-NOM-5,0.63508,0.317413,38422.9,15.4785,464.171,1,120.032,0.20008,1,0.900361,2,1.80072,,
Dark_3,o,5,Dark_3-NOM-5,0.116605,0.0582791,-40346.4,-19.3617,-580.624,1,120.032,,0,2.0008,1,2.0008,,
Dark_3,o,5,Dark_3-NOM-5,0.893783,0.446896,149.39,16.3929,491.792,1,0.899991,0.33333,1,0.833325,2,1.66665,,
Dark_3,o,5,Dark_3-NOM-5,0.0689733,0.034487,11635.9,180,5400.05,0,0,,0,1.99998,1,1.99998,,
Light_1,o,5,Light_1-NOM-5,0.772386,0.386037,575.671,-0.801478,-24.0325,1,120.032,,0,2.00081,1,2.00081,,
Light_1,o,5,Light_1-NOM-5,10.0132,5.00459,-2383.14,-3.63402,-108.977,1,120.032,0.0800316,5,0.320129,5,1.60064,,
Light_1,o,5,Light_1-NOM-5,0.0900963,0.0450301,1186.63,1.71429,51.4052,1,120.032,,0,2.0008,1,2.0008,,
Light_1,o,5,Light_1-NOM-5,66.4966,0.55476,1174.39,-0.948892,-28.467,21,116.899,0.448329,40,2.48941,41,102.066,,
Light_1,o,5,Light_1-NOM-5,5.56003,0.0463855,9135.69,88.3105,2649.34,0,0,,0,119.999,1,119.999,,
Light_2,o,5,Light_2-NOM-5,0.775308,0.387498,-3751.52,-4.31794,-129.476,1,120.032,,0,2.00081,1,2.00081,,
Light_2,o,5,Light_2-NOM-5,0.843715,0.421688,1613.14,-6.44783,-193.358,3,119.865,0.266773,1,0.867014,2,1.73403,,
Light_2,o,5,Light_2-NOM-5,0.140892,0.0704178,22991.3,14.0268,420.635,2,119.599,,0,2.0008,1,2.0008,,
Light_2,o,5,Light_2-NOM-5,0.736626,0.368317,-5653.7,-11.3206,-339.62,2,0.066666,0.133332,1,0.933324,2,1.86665,,
Light_2,o,5,Light_2-NOM-5,0.0207332,0.0103667,17363.5,180,5400.05,0,0,,0,1.99998,1,1.99998,,
Light_3,o,5,Light_3-NOM-5,0.494502,0.247151,-3030.47,5.01842,150.489,1,120.032,,0,2.00081,1,2.00081,,
Light_3,o,5,Light_3-NOM-5,0.854774,0.427216,-3364.97,-8.06994,-242.001,2,119.932,0.233427,1,0.883687,2,1.76737,,
Light_3,o,5,Light_3-NOM-5,0.148614,0.0742773,-1442.93,-1.79697,-53.8915,1,120.032,,0,2.0008,1,2.0008,,
Light_3,o,5,Light_3-NOM-5,0.976784,0.488397,-14811.3,-10.0215,-300.649,1,1.99998,0.299997,2,0.466662,3,1.39999,,
Light_3,o,5,Light_3-NOM-5,0,0,,,,0,0,,0,1.99998,1,1.99998,,
Dark_1,o,15,Dark_1-Cont-15,0,0,,,,3,119.032,,0,2.0008,1,2.0008,,
Dark_1,o,15,Dark_1-Cont-15,0.127715,0.0010649,47407.7,180,5400.05,0,0,,0,119.999,1,119.999,,
Dark_1,o,15,Dark_1-Cont-15,33.2021,0.27684,-357.439,-1.34687,-40.4066,14,109.966,0.114814,9,11.8965,10,118.965,,
Dark_1,o,15,Dark_1-Cont-15,23.8531,0.198888,3862.53,1.7125,51.3756,5,91.9324,0.177776,15,7.33326,16,117.332,,
Dark_1,o,15,Dark_1-Cont-15,28.5625,0.238156,157.445,2.8999,86.9979,15,37.7663,,0,119.999,1,119.999,,
Dark_1,o,15,Dark_1-Cont-15,30.0762,0.252532,1622.51,2.88683,86.6058,14,82.7325,0.184998,20,4.82079,24,115.699,,
Dark_2,o,15,Dark_2-Cont-15,0,0,,,,1,120.032,,0,2.0008,1,2.0008,,
Dark_2,o,15,Dark_2-Cont-15,0,0,,,,0,0,,0,1.99998,1,1.99998,,
Dark_2,o,15,Dark_2-Cont-15,0.34675,0.173377,-4851.54,-12.3075,-369.229,0,0,,0,1.99998,1,1.99998,,
Dark_2,o,15,Dark_2-Cont-15,0.186097,0.0930494,10807.8,-0.293936,-8.81815,1,1.99998,,0,1.99998,1,1.99998,,
Dark_2,o,15,Dark_2-Cont-15,0.787293,0.39365,4111.57,32.3866,971.608,1,1.99998,,0,1.99998,1,1.99998,,
Dark_2,o,15,Dark_2-Cont-15,0.140212,0.0701067,-22129.7,1.82891,54.8677,1,1.99998,,0,1.99998,1,1.99998,,
Dark_3,o,15,Dark_3-Cont-15,0.0438054,0.0218939,96522.4,68.451,2052.7,1,120.032,,0,2.0008,1,2.0008,,
Dark_3,o,15,Dark_3-Cont-15,0,0,,,,0,0,,0,1.99998,1,1.99998,,
Dark_3,o,15,Dark_3-Cont-15,0.237492,0.118747,-15099.5,12.0762,362.289,0,0,,0,1.99998,1,1.99998,,
Dark_3,o,15,Dark_3-Cont-15,0.209593,0.104798,5955.35,14.913,447.394,1,1.99998,,0,1.99998,1,1.99998,,
Dark_3,o,15,Dark_3-Cont-15,0.821026,0.410517,-925.111,12.6655,379.968,1,1.99998,,0,1.99998,1,1.99998,,
Dark_3,o,15,Dark_3-Cont-15,0.707942,0.353975,7630.04,1.1171,33.5133,1,1.33332,,0,1.99998,1,1.99998,,
Light_1,o,15,Light_1-Cont-15,0,0,,,,1,120.032,,0,2.0008,1,2.0008,,
Light_1,o,15,Light_1-Cont-15,0.206492,0.0017227,49643.6,178.98,5369.45,0,0,,0,119.999,1,119.999,,
Light_1,o,15,Light_1-Cont-15,86.7328,0.75772,1653.71,0.20883,6.26496,39,73.9326,0.301547,43,3.22497,32,103.199,,
Light_1,o,15,Light_1-Cont-15,42.1515,0.351657,557.16,2.38225,71.4683,94,77.0659,0.280699,19,5.73328,20,114.666,,
Light_1,o,15,Light_1-Cont-15,39.2653,0.327578,-372.099,3.57639,107.293,117,25.7997,,0,119.999,1,119.999,,
Light_1,o,15,Light_1-Cont-15,59.7083,0.498405,-228.471,-0.308119,-9.24365,50,72.6659,0.587648,27,3.71901,28,104.132,,
Light_2,o,15,Light_2-Cont-15,11.4597,5.72758,4333.88,17.8224,534.462,2,119.999,0.0466856,5,0.294562,6,1.76737,,
Light_2,o,15,Light_2-Cont-15,0,0,,,,0,0,,0,1.99998,1,1.99998,,
Light_2,o,15,Light_2-Cont-15,0.233219,0.116611,-13196.1,-10.6571,-319.716,0,0,,0,1.99998,1,1.99998,,
Light_2,o,15,Light_2-Cont-15,0.267084,0.133543,6261.55,-0.171807,-5.15426,1,1.99998,,0,1.99998,1,1.99998,,
Light_2,o,15,Light_2-Cont-15,0.67445,0.337228,15533.3,22.1221,663.669,1,1.99998,,0,1.99998,1,1.99998,,
Light_2,o,15,Light_2-Cont-15,0.520917,0.260461,14941.2,23.7213,711.647,1,1.99998,0.266664,1,0.866658,2,1.73332,,
Light_3,o,15,Light_3-Cont-15,0.433529,0.216677,29610.3,10.751,322.402,9,117.032,,0,2.0008,1,2.0008,,
Light_3,o,15,Light_3-Cont-15,0,0,,,,0,0,,0,1.99998,1,1.99998,,
Light_3,o,15,Light_3-Cont-15,0.314195,0.157099,11177.8,13.1291,393.876,0,0,,0,1.99998,1,1.99998,,
Light_3,o,15,Light_3-Cont-15,0.20283,0.101416,-13158.3,-21.0217,-630.656,1,1.99998,,0,1.99998,1,1.99998,,
Light_3,o,15,Light_3-Cont-15,0.762567,0.381287,9195.26,12.9139,387.421,1,1.99998,,0,1.99998,1,1.99998,,
Light_3,o,15,Light_3-Cont-15,0.608913,0.30446,14468.6,37.3178,1119.55,1,0.433329,,0,1.99998,1,1.99998,,
Dark_1,o,15,Dark_1-NOM-15,0.651889,0.325813,-11641.7,-15.4225,-462.499,1,120.032,,0,2.00081,1,2.00081,,
Dark_1,o,15,Dark_1-NOM-15,0.0730667,0.0365184,-5401.24,-11.6376,-348.985,1,120.032,,0,2.00082,1,2.00082,,
Dark_1,o,15,Dark_1-NOM-15,1.86973,0.934492,10581.5,10.412,312.235,1,120.032,0.0833667,4,0.333467,5,1.66734,,
Dark_1,o,15,Dark_1-NOM-15,31.0676,0.259043,-2815.23,-1.23376,-37.0131,33,96.099,0.199998,15,7.31243,16,116.999,,
Dark_1,o,15,Dark_1-NOM-15,13.2165,0.1102,2467.11,2.6537,79.6118,1,119.999,0.066666,1,59.9661,2,119.932,,
Dark_1,o,15,Dark_1-NOM-15,2.47471,0.0206342,56408.7,23.4496,703.495,1,0.033333,0.066666,1,59.9661,2,119.932,,
Dark_1,o,15,Dark_1-NOM-15,20.2794,0.169091,4968.97,5.66342,169.904,19,112.466,0.144443,12,9.09734,13,118.265,,
Dark_2,o,15,Dark_2-NOM-15,0.711138,0.355426,10924.6,0.00837452,0.240662,1,120.032,0.200081,1,0.900363,2,1.80073,,
Dark_2,o,15,Dark_2-NOM-15,0.42193,0.210879,19794.5,8.59731,257.814,1,120.032,,0,2.00082,1,2.00082,,
Dark_2,o,15,Dark_2-NOM-15,0.57724,0.288503,7917.83,26.5845,797.216,1,120.032,,0,2.0008,1,2.0008,,
Dark_2,o,15,Dark_2-NOM-15,0.240758,0.12038,5616.09,-17.9857,-539.575,1,1.99998,,0,1.99998,1,1.99998,,
Dark_2,o,15,Dark_2-NOM-15,0.173682,0.0868421,-40874.7,-36.3721,-1091.17,1,1.99998,,0,1.99998,1,1.99998,,
Dark_2,o,15,Dark_2-NOM-15,0,0,,,,0,0,,0,1.99998,1,1.99998,,
Dark_2,o,15,Dark_2-NOM-15,0.186412,0.0932067,-3359.45,12.2822,368.468,1,1.99998,,0,1.99998,1,1.99998,,
Dark_3,o,15,Dark_3-NOM-15,0.803128,0.401403,4858.5,18.3129,549.175,1,120.032,,0,2.00081,1,2.00081,,
Dark_3,o,15,Dark_3-NOM-15,0.257636,0.128765,13016.7,10.7899,323.565,1,120.032,,0,2.00082,1,2.00082,,
Dark_3,o,15,Dark_3-NOM-15,0.366177,0.183016,-18842.7,-22.5538,-676.345,8,116.566,,0,2.0008,1,2.0008,,
Dark_3,o,15,Dark_3-NOM-15,0.253417,0.12671,29607.3,7.78962,233.691,1,1.99998,,0,1.99998,1,1.99998,,
Dark_3,o,15,Dark_3-NOM-15,0.169604,0.0848029,-18518.7,-7.83707,-235.115,1,1.99998,,0,1.99998,1,1.99998,,
Dark_3,o,15,Dark_3-NOM-15,0,0,,,,0,0,,0,1.99998,1,1.99998,,
Dark_3,o,15,Dark_3-NOM-15,0.216139,0.108071,-1798.25,5.89105,176.733,1,1.99998,,0,1.99998,1,1.99998,,
Light_1,o,15,Light_1-NOM-15,0.493421,0.246611,-5732.59,-1.14246,-34.2669,1,120.032,,0,2.00081,1,2.00081,,
Light_1,o,15,Light_1-NOM-15,0.117455,0.0587033,-6976.62,-16.6449,-499.143,1,120.032,,0,2.00082,1,2.00082,,
Light_1,o,15,Light_1-NOM-15,0.459801,0.229808,-2688.89,-4.24507,-127.295,2,119.865,,0,2.0008,1,2.0008,,
Light_1,o,15,Light_1-NOM-15,38.1574,0.318335,1799.8,-3.2918,-98.7549,47,70.0993,0.213331,25,4.41021,26,114.666,,
Light_1,o,15,Light_1-NOM-15,21.0318,0.175462,326.04,1.55366,46.6104,10,98.8657,0.12857,14,7.87992,15,118.199,,
Light_1,o,15,Light_1-NOM-15,13.6518,0.113893,79626.6,39.1444,1174.34,3,0.099999,0.066666,5,19.9442,6,119.665,,
Light_1,o,15,Light_1-NOM-15,33.9426,0.283173,1338.01,4.74216,142.266,36,89.6991,0.139681,21,5.32116,22,117.065,,
Light_2,o,15,Light_2-NOM-15,0.612295,0.306024,-11149.5,-4.67815,-140.29,1,120.032,,0,2.00081,1,2.00081,,
Light_2,o,15,Light_2-NOM-15,0.336983,0.168423,-12583.2,-22.4587,-673.484,1,120.032,,0,2.00082,1,2.00082,,
Light_2,o,15,Light_2-NOM-15,0.225164,0.112537,11366.5,18.5354,555.838,4,118.865,,0,2.0008,1,2.0008,,
Light_2,o,15,Light_2-NOM-15,0.362698,0.181351,-29826.6,-21.2155,-636.47,1,1.99998,,0,1.99998,1,1.99998,,
Light_2,o,15,Light_2-NOM-15,0.17916,0.089581,29949.7,23.1849,695.554,1,1.99998,,0,1.99998,1,1.99998,,
Light_2,o,15,Light_2-NOM-15,0,0,,,,0,0,,0,1.99998,1,1.99998,,
Light_2,o,15,Light_2-NOM-15,0.250547,0.125275,-6784.53,-33.69,-1010.71,1,1.99998,,0,1.99998,1,1.99998,,
Light_3,o,15,Light_3-NOM-15,0.463309,0.231562,12191.1,-6.03484,-180.972,1,120.032,0.266775,1,0.867016,2,1.73403,,
Light_3,o,15,Light_3-NOM-15,0.334706,0.167285,-2070.93,4.3568,130.65,1,120.032,0.166735,1,0.917042,2,1.83408,,
Light_3,o,15,Light_3-NOM-15,0.511472,0.255633,1395.89,3.08227,92.4399,1,120.032,,0,2.0008,1,2.0008,,
Light_3,o,15,Light_3-NOM-15,0.171232,0.085617,11990.7,14.7661,442.989,1,1.99998,,0,1.99998,1,1.99998,,
Light_3,o,15,Light_3-NOM-15,0.213385,0.106693,11885.1,12.2086,366.26,1,1.99998,,0,1.99998,1,1.99998,,
Light_3,o,15,Light_3-NOM-15,0,0,,,,0,0,,0,1.99998,1,1.99998,,
Light_3,o,15,Light_3-NOM-15,0.184082,0.0920421,-4055.11,4.23623,127.088,1,1.99998,,0,1.99998,1,1.99998,,
Dark_1,o,25,Dark_1-Cont-25,0.499873,0.249834,-5423.18,3.83866,115.113,1,120.032,,0,2.00082,1,2.00082,,
Dark_1,o,25,Dark_1-Cont-25,0,0,,,,1,120.032,,0,2.00081,1,2.00081,,
Dark_1,o,25,Dark_1-Cont-25,0,0,,,,,,,0,2.0008,1,2.0008,,
Dark_1,o,25,Dark_1-Cont-25,28.5281,0.237869,-278.877,4.74173,142.253,40,69.1326,0.208331,12,9.03837,13,117.499,,
Dark_1,o,25,Dark_1-Cont-25,25.3262,0.211171,1040.33,1.93414,58.0249,12,111.366,0.104761,14,7.90214,15,118.532,,
Dark_1,o,25,Dark_1-Cont-25,17.1944,0.143368,1485.79,1.89593,56.8785,1,119.999,0.211109,3,29.8414,4,119.365,,
Dark_1,o,25,Dark_1-Cont-25,29.5423,0.246325,883.85,-1.00441,-30.1326,1,119.999,,0,119.999,1,119.999,,
Dark_1,o,25,Dark_1-Cont-25,24.4245,0.203653,-2501.69,1.10466,33.1402,21,68.0327,0.249997,6,16.9284,7,118.499,,
Dark_2,o,25,Dark_2-Cont-25,0.325523,0.162695,41161.8,34.2401,1026.78,2,119.165,,0,2.00082,1,2.00082,,
Dark_2,o,25,Dark_2-Cont-25,0,0,,,,1,120.032,,0,2.00081,1,2.00081,,
Dark_2,o,25,Dark_2-Cont-25,0,0,,,,,,,0,2.0008,1,2.0008,,
Dark_2,o,25,Dark_2-Cont-25,0.25896,0.129481,-6105.95,-17.6436,-529.313,1,1.99998,,0,1.99998,1,1.99998,,
Dark_2,o,25,Dark_2-Cont-25,0.066693,0.0333468,-49707.9,-24.6396,-739.197,1,1.99998,,0,1.99998,1,1.99998,,
Dark_2,o,25,Dark_2-Cont-25,0.211579,0.10579,-209.043,0.413354,12.4007,1,1.99998,,0,1.99998,1,1.99998,,
Dark_2,o,25,Dark_2-Cont-25,0.624739,0.312373,-6494.48,-18.1253,-543.765,1,1.99998,,0,1.99998,1,1.99998,,
Dark_2,o,25,Dark_2-Cont-25,0.562962,0.281484,654.439,3.26951,98.0863,0,0,,0,1.99998,1,1.99998,,
Dark_3,o,25,Dark_3-Cont-25,0.366509,0.18318,13189.8,11.9546,358.491,1,120.032,,0,2.00082,1,2.00082,,
Dark_3,o,25,Dark_3-Cont-25,0,0,,,,1,120.032,,0,2.00081,1,2.00081,,
Dark_3,o,25,Dark_3-Cont-25,0,0,,,,,,,0,2.0008,1,2.0008,,
Dark_3,o,25,Dark_3-Cont-25,0.693825,0.346916,4005.13,4.98112,149.435,1,1.99998,,0,1.99998,1,1.99998,,
Dark_3,o,25,Dark_3-Cont-25,0.0917986,0.0458997,22243.5,24.0323,720.976,1,1.99998,,0,1.99998,1,1.99998,,
Dark_3,o,25,Dark_3-Cont-25,0.691052,0.34553,-10433.4,-12.6456,-379.373,1,1.99998,,0,1.99998,1,1.99998,,
Dark_3,o,25,Dark_3-Cont-25,0.452743,0.226374,1975.06,16.1201,483.609,1,1.99998,,0,1.99998,1,1.99998,,
Dark_3,o,25,Dark_3-Cont-25,0.416769,0.208386,4437.59,48.7532,1462.61,0,0,,0,1.99998,1,1.99998,,
Light_1,o,25,Light_1-Cont-25,0.298593,0.149235,-33563.6,17.7784,533.133,7,117.699,,0,2.00082,1,2.00082,,
Light_1,o,25,Light_1-Cont-25,6.24083,3.11917,-2787.04,18.8742,566.007,1,120.032,0.133387,3,0.400162,4,1.60065,,
Light_1,o,25,Light_1-Cont-25,0,0,,,,,,,0,2.0008,1,2.0008,,
Light_1,o,25,Light_1-Cont-25,32.1543,0.268254,762.341,1.02161,30.6487,11,48.6662,0.177776,9,11.8399,10,118.399,,
Light_1,o,25,Light_1-Cont-25,33.6762,0.28095,-673.09,2.54518,76.356,160,109.699,0.0823521,17,6.58882,18,118.599,,
Light_1,o,25,Light_1-Cont-25,34.3657,0.286702,454.48,1.8386,55.1587,46,108.699,0.148716,13,8.43325,14,118.065,,
Light_1,o,25,Light_1-Cont-25,40.1101,0.334626,2282.15,1.35997,40.7996,164,67.1993,0.491662,8,12.8962,9,116.066,,
Light_1,o,25,Light_1-Cont-25,33.5335,0.279759,3657.94,2.0552,61.6566,33,56.7328,0.134781,23,4.87078,24,116.899,,
Light_2,o,25,Light_2-Cont-25,0.681825,0.340773,8998.82,11.9845,359.388,1,120.032,,0,2.00082,1,2.00082,,
Light_2,o,25,Light_2-Cont-25,0,0,,,,1,120.032,,0,2.00081,1,2.00081,,
Light_2,o,25,Light_2-Cont-25,0,0,,,,,,,0,2.0008,1,2.0008,,
Light_2,o,25,Light_2-Cont-25,0.351231,0.175617,-9062.38,-2.3428,-70.2846,1,1.99998,,0,1.99998,1,1.99998,,
Light_2,o,25,Light_2-Cont-25,0.0841916,0.0420962,-30587.6,-22.9377,-688.137,1,1.99998,,0,1.99998,1,1.99998,,
Light_2,o,25,Light_2-Cont-25,0.31651,0.158257,-10545.4,-29.0249,-870.757,1,1.99998,,0,1.99998,1,1.99998,,
Light_2,o,25,Light_2-Cont-25,0.5312,0.265603,11347.9,-6.99783,-209.937,1,1.99998,,0,1.99998,1,1.99998,,
Light_2,o,25,Light_2-Cont-25,0.580751,0.290379,-4769.41,-6.2057,-186.173,0,0,,0,1.99998,1,1.99998,,
Light_3,o,25,Light_3-Cont-25,0.439854,0.219837,-4047.23,23.9428,717.99,3,118.965,,0,2.00082,1,2.00082,,
Light_3,o,25,Light_3-Cont-25,0,0,,,,1,120.032,,0,2.00081,1,2.00081,,
Light_3,o,25,Light_3-Cont-25,0,0,,,,,,,0,2.0008,1,2.0008,,
Light_3,o,25,Light_3-Cont-25,0.507325,0.253665,9230.47,-1.07505,-32.2517,1,1.99998,0.033333,1,0.983323,2,1.96665,,
Light_3,o,25,Light_3-Cont-25,0.0736702,0.0368355,282.931,4.82728,144.82,1,1.99998,,0,1.99998,1,1.99998,,
Light_3,o,25,Light_3-Cont-25,0.273007,0.136505,2648.28,-5.67608,-170.284,1,1.99998,,0,1.99998,1,1.99998,,
Light_3,o,25,Light_3-Cont-25,0.657572,0.328789,-761.544,-21.3104,-639.317,1,1.99998,,0,1.99998,1,1.99998,,
Light_3,o,25,Light_3-Cont-25,0.298347,0.149175,-31615.7,-8.39914,-251.977,0,0,,0,1.99998,1,1.99998,,
Dark_1,o,25,Dark_1-NOM-25,0.443337,0.221578,2295.02,0.149237,4.47527,1,120.032,,0,2.00082,1,2.00082,,
Dark_1,o,25,Dark_1-NOM-25,1.708,0.853652,8921.35,13.6324,408.81,1,120.032,0.066693,1,0.967057,2,1.93411,,
Dark_1,o,25,Dark_1-NOM-25,1.44094,0.720174,-14193.8,-19.6377,-588.891,1,120.032,0.0476386,7,0.208419,8,1.66735,,
Dark_1,o,25,Dark_1-NOM-25,57.9506,0.483195,2042.66,5.368,161.042,158,71.5993,0.205795,23,4.80273,24,115.266,,
Dark_1,o,25,Dark_1-NOM-25,16.5828,0.138268,-4278.11,0.572863,17.1861,1,119.999,,0,119.999,1,119.999,,
Dark_2,o,25,Dark_2-NOM-25,0.198468,0.0991934,-15500.8,-15.631,-468.737,1,120.032,,0,2.00082,1,2.00082,,
Dark_2,o,25,Dark_2-NOM-25,0.459503,0.229658,-16170.6,-1.6299,-48.8745,1,120.032,,0,2.00081,1,2.00081,,
Dark_2,o,25,Dark_2-NOM-25,0.452655,0.226235,12514.2,10.8468,325.271,1,120.032,,0,2.00082,1,2.00082,,
Dark_2,o,25,Dark_2-NOM-25,0.353879,0.176941,-6290.57,-7.41365,-222.412,0,0,,0,1.99998,1,1.99998,,
Dark_2,o,25,Dark_2-NOM-25,0.404447,0.202225,-4103.19,-39.9914,-1199.75,1,1.99998,,0,1.99998,1,1.99998,,
Dark_3,o,25,Dark_3-NOM-25,0.412911,0.206371,2060.84,-0.480137,-14.3982,1,120.032,,0,2.00082,1,2.00082,,
Dark_3,o,25,Dark_3-NOM-25,0.433545,0.216685,-9316.71,3.17031,95.0652,1,120.032,0.166734,1,0.917037,2,1.83407,,
Dark_3,o,25,Dark_3-NOM-25,0.885189,0.442413,-6235.9,-13.7834,-413.331,1,120.032,,0,2.00082,1,2.00082,,
Dark_3,o,25,Dark_3-NOM-25,0.389609,0.194807,15807.9,50.826,1524.8,0,0,,0,1.99998,1,1.99998,,
Dark_3,o,25,Dark_3-NOM-25,0.248439,0.124221,-23513.3,-16.3604,-490.818,1,1.99998,,0,1.99998,1,1.99998,,
Light_1,o,25,Light_1-NOM-25,0.339645,0.169753,-4197.54,16.759,502.565,1,120.032,,0,2.00082,1,2.00082,,
Light_1,o,25,Light_1-NOM-25,0.0334898,0.0167381,134671,152.89,4584.82,1,120.032,,0,2.00081,1,2.00081,,
Light_1,o,25,Light_1-NOM-25,0.486141,0.242971,-6245.4,1.27287,38.1703,9,116.599,,0,2.00082,1,2.00082,,
Light_1,o,25,Light_1-NOM-25,43.8544,0.365864,-2218.91,0.797751,23.9328,53,88.8658,0.360602,11,9.66935,12,116.032,,
Light_1,o,25,Light_1-NOM-25,45.3319,0.378189,-807.91,0.164986,4.94962,90,109.499,0.183331,14,7.82881,15,117.432,,
Light_2,o,25,Light_2-NOM-25,0.546604,0.27319,773.122,-0.448739,-13.4567,1,120.032,,0,2.00082,1,2.00082,,
Light_2,o,25,Light_2-NOM-25,0.191211,0.0955674,26235.4,-11.2646,-337.798,1,120.032,,0,2.00081,1,2.00081,,
Light_2,o,25,Light_2-NOM-25,0.570935,0.285351,-10483.4,-5.63827,-169.079,7,117.799,,0,2.00082,1,2.00082,,
Light_2,o,25,Light_2-NOM-25,0.368124,0.184064,29665,56.3407,1690.24,0,0,,0,1.99998,1,1.99998,,
Light_2,o,25,Light_2-NOM-25,0.168001,0.0840013,-20670.5,-5.36282,-160.886,1,1.99998,,0,1.99998,1,1.99998,,
Light_3,o,25,Light_3-NOM-25,0.297113,0.148496,-3203.13,-6.18515,-185.479,1,120.032,,0,2.00082,1,2.00082,,
Light_3,o,25,Light_3-NOM-25,0.124278,0.0621142,2264.38,11.5473,346.295,1,120.032,,0,2.00081,1,2.00081,,
Light_3,o,25,Light_3-NOM-25,0.642058,0.320897,8405.1,3.87639,116.244,1,120.032,,0,2.00082,1,2.00082,,
Light_3,o,25,Light_3-NOM-25,0.888571,0.44429,-8561.1,2.59164,77.75,0,0,,0,1.99998,1,1.99998,,
Light_3,o,25,Light_3-NOM-25,0.294683,0.147343,-4717.02,-17.8631,-535.898,1,1.99998,,0,1.99998,1,1.99998,,
Dark_1,S,5,Dark_1-NC1-5,0.289946,0.144915,7249.24,124.622,3737.17,1,120.032,,0,2.00081,1,2.00081,,
Dark_1,S,5,Dark_1-NC1-5,0.85184,0.425748,426.205,-7.34574,-220.284,1,120.032,,0,2.00081,1,2.00081,,
Dark_1,S,5,Dark_1-NC1-5,0.78677,0.393228,9825.35,19.7603,592.563,1,120.032,,0,2.0008,1,2.0008,,
Dark_2,S,5,Dark_2-NC1-5,0.467489,0.23365,4942.32,104.959,3147.48,1,120.032,,0,2.00081,1,2.00081,,
Dark_2,S,5,Dark_2-NC1-5,0.917939,0.458783,4126.48,3.0419,91.2213,1,120.032,0.200081,1,0.900363,2,1.80073,,
Dark_2,S,5,Dark_2-NC1-5,0.70436,0.352039,-12201.1,-2.60884,-78.2346,1,120.032,,0,2.0008,1,2.0008,,
Dark_3,S,5,Dark_3-NC1-5,0.323113,0.161492,8414.55,143.993,4318.06,1,120.032,,0,2.00081,1,2.00081,,
Dark_3,S,5,Dark_3-NC1-5,0.730873,0.365288,6467.61,6.99595,209.795,1,120.032,0.300121,1,0.850343,2,1.70069,,
Dark_3,S,5,Dark_3-NC1-5,0.866665,0.433159,-11714.3,-1.76597,-52.9591,1,120.032,,0,2.0008,1,2.0008,,
Light_1,S,5,Light_1-NC1-5,0.372168,0.186009,7671.15,135.118,4051.92,1,120.032,,0,2.00081,1,2.00081,,
Light_1,S,5,Light_1-NC1-5,0.430861,0.215343,-477.457,10.7749,323.115,1,120.032,,0,2.00081,1,2.00081,,
Light_1,S,5,Light_1-NC1-5,0.716705,0.358208,4850.41,1.83084,54.9059,1,120.032,,0,2.0008,1,2.0008,,
Light_2,S,5,Light_2-NC1-5,0.51066,0.255228,21238.7,31.8625,955.473,1,120.032,,0,2.00081,1,2.00081,,
Light_2,S,5,Light_2-NC1-5,0.620628,0.310189,-11113.3,-2.59147,-77.7134,1,120.032,,0,2.00081,1,2.00081,,
Light_2,S,5,Light_2-NC1-5,0.802089,0.400883,4641.18,2.69527,80.8282,1,120.032,,0,2.0008,1,2.0008,,
Light_3,S,5,Light_3-NC1-5,0.468555,0.234183,49.2231,48.5028,1454.49,1,120.032,,0,2.00081,1,2.00081,,
Light_3,S,5,Light_3-NC1-5,0.763195,0.381443,32005.4,3.68578,110.529,1,120.032,0.300121,1,0.850343,2,1.70069,,
Light_3,S,5,Light_3-NC1-5,0.902577,0.451107,-16091.7,1.0551,31.6458,1,120.032,,0,2.0008,1,2.0008,,
Dark_1,S,5,Dark_1-NC2-5,11.9171,5.95611,-2619.27,26.2359,786.762,1,120.032,0.0809851,7,0.179239,8,1.43391,,
Dark_1,S,5,Dark_1-NC2-5,0.977087,0.488347,3153.23,-5.22009,-156.54,1,120.032,,0,2.00081,1,2.00081,,
Dark_1,S,5,Dark_1-NC2-5,0.632922,0.316335,-1181.91,-0.785067,-23.5501,1,120.032,,0,2.0008,1,2.0008,,
Dark_2,S,5,Dark_2-NC2-5,0.448989,0.224404,-9433.79,-20.2821,-608.209,1,120.032,,0,2.00081,1,2.00081,,
Dark_2,S,5,Dark_2-NC2-5,0.885831,0.442737,-12519.5,0.77545,23.2573,1,120.032,0.166734,1,1.83407,1,1.83407,,
Dark_2,S,5,Dark_2-NC2-5,0.789572,0.394628,3553.16,-0.626853,-18.8023,1,120.032,,0,2.0008,1,2.0008,,
Dark_3,S,5,Dark_3-NC2-5,0.461572,0.230693,27676.9,33.0606,991.424,1,120.032,,0,2.00081,1,2.00081,,
Dark_3,S,5,Dark_3-NC2-5,0.566984,0.283378,-8466.76,-1.17211,-35.1554,1,120.032,,0,2.00081,1,2.00081,,
Dark_3,S,5,Dark_3-NC2-5,0.575058,0.287414,4964.08,3.97761,119.282,1,120.032,0.233427,1,0.883687,2,1.76737,,
Light_1,S,5,Light_1-NC2-5,0.688354,0.344038,19493.1,2.10093,63.0117,1,120.032,,0,2.00081,1,2.00081,,
Light_1,S,5,Light_1-NC2-5,1.40183,0.700632,2177.34,7.99479,239.744,1,120.032,0.200081,1,0.900363,2,1.80073,,
Light_1,S,5,Light_1-NC2-5,0.652806,0.326272,7120.21,-0.263561,-7.90196,1,120.032,,0,2.0008,1,2.0008,,
Light_2,S,5,Light_2-NC2-5,0.823296,0.411481,-3524.84,-6.39805,-191.87,1,120.032,0.366815,1,0.816997,2,1.63399,,
Light_2,S,5,Light_2-NC2-5,0.485366,0.242585,-12305.1,1.06571,31.9511,1,120.032,0.033346,1,1.96746,1,1.96746,,
Light_2,S,5,Light_2-NC2-5,0.850972,0.425315,-200.13,-12.1264,-363.649,1,120.032,,0,2.0008,1,2.0008,,
Light_3,S,5,Light_3-NC2-5,0.485931,0.242867,2985.24,8.8303,264.804,1,120.032,,0,2.00081,1,2.00081,,
Light_3,S,5,Light_3-NC2-5,0.565149,0.28246,-4509.62,10.5739,317.085,1,120.032,0.133387,1,0.93371,2,1.86742,,
Light_3,S,5,Light_3-NC2-5,0.610751,0.305253,2283.54,10.0073,300.1,1,120.032,,0,2.0008,1,2.0008,,
Dark_1,S,5,Dark_1-NC3-5,1.10758,0.553561,-410.996,-2.18859,-65.6307,1,120.032,,0,2.00082,1,2.00082,,
Dark_1,S,5,Dark_1-NC3-5,0.434926,0.217374,13420.6,9.40061,281.903,1,120.032,,0,2.00082,1,2.00082,,
Dark_1,S,5,Dark_1-NC3-5,0,0,,,,1,120.032,,0,2.0008,1,2.0008,,
Dark_2,S,5,Dark_2-NC3-5,0.540734,0.270256,-9460.52,13.6379,408.971,1,120.032,,0,2.00082,1,2.00082,,
Dark_2,S,5,Dark_2-NC3-5,0.359138,0.179496,5587.87,-3.6088,-108.22,1,120.032,,0,2.00082,1,2.00082,,
Dark_2,S,5,Dark_2-NC3-5,0,0,,,,1,120.032,,0,2.0008,1,2.0008,,
Dark_3,S,5,Dark_3-NC3-5,0.0920628,0.0460125,-35931.6,-13.8294,-414.713,1,120.032,,0,2.00082,1,2.00082,,
Dark_3,S,5,Dark_3-NC3-5,0.356166,0.17801,17770.8,4.89556,146.807,1,120.032,,0,2.00082,1,2.00082,,
Dark_3,S,5,Dark_3-NC3-5,2.89948,1.44917,-16463.8,-10.4433,-313.169,1,120.032,0.133387,2,0.578009,3,1.73403,,
Light_1,S,5,Light_1-NC3-5,0.622469,0.311107,11808.1,12.9571,388.554,1,120.032,,0,2.00082,1,2.00082,,
Light_1,S,5,Light_1-NC3-5,0.352337,0.176096,908.54,-14.6351,-438.873,1,120.032,,0,2.00082,1,2.00082,,
Light_1,S,5,Light_1-NC3-5,0,0,,,,4,114.932,,0,2.0008,1,2.0008,,
Light_2,S,5,Light_2-NC3-5,0.395801,0.197819,71605.5,29.237,876.749,1,120.032,,0,2.00082,1,2.00082,,
Light_2,S,5,Light_2-NC3-5,0.24922,0.124559,-5263.76,-6.0428,-181.21,1,120.032,,0,2.00082,1,2.00082,,
Light_2,S,5,Light_2-NC3-5,0,0,,,,4,118.165,,0,2.0008,1,2.0008,,
Light_3,S,5,Light_3-NC3-5,0.294057,0.146968,4282.85,7.57863,227.266,1,120.032,,0,2.00082,1,2.00082,,
Light_3,S,5,Light_3-NC3-5,0.369204,0.184526,-6958.78,7.85503,235.554,2,118.332,,0,2.00082,1,2.00082,,
Light_3,S,5,Light_3-NC3-5,2.79405,1.39646,399.206,14.0601,421.624,2,119.399,0.0778087,3,0.441844,4,1.76738,,
Dark_1,S,15,Dark_1-NC1-15,2.88254,1.44068,-13674.1,-6.0799,-182.322,1,120.032,0.166735,2,0.555783,3,1.66735,,
Dark_1,S,15,Dark_1-NC1-15,0.0275246,0.0137569,13079.2,180,5397.95,1,120.032,,0,2.00081,1,2.00081,,
Dark_1,S,15,Dark_1-NC1-15,0.590734,0.295247,30852.9,18.4554,553.44,1,120.032,0.033347,1,0.98373,2,1.96746,,
Dark_2,S,15,Dark_2-NC1-15,0.622439,0.311092,866.305,8.84245,265.165,1,120.032,0.233429,1,1.76739,1,1.76739,,
Dark_2,S,15,Dark_2-NC1-15,0.0275246,0.0137569,13079.2,180,5397.79,1,120.032,,0,2.00081,1,2.00081,,
Dark_2,S,15,Dark_2-NC1-15,0.544149,0.271965,-626.136,-7.36418,-220.838,1,120.032,,0,2.00081,1,2.00081,,
Dark_3,S,15,Dark_3-NC1-15,0.782529,0.391104,4428.42,17.2064,515.98,2,119.999,0.033347,1,1.96747,1,1.96747,,
Dark_3,S,15,Dark_3-NC1-15,0.0873294,0.0436472,12115.8,180,5397.79,1,120.032,,0,2.00081,1,2.00081,,
Dark_3,S,15,Dark_3-NC1-15,0.51851,0.25915,-4915.28,8.37339,251.094,1,120.032,,0,2.00081,1,2.00081,,
Light_1,S,15,Light_1-NC1-15,0.498375,0.249085,-15431.1,-0.297887,-8.93294,1,120.032,,0,2.00082,1,2.00082,,
Light_1,S,15,Light_1-NC1-15,0.0433615,0.0216722,8302.29,180,5397.95,1,120.032,,0,2.00081,1,2.00081,,
Light_1,S,15,Light_1-NC1-15,0.429785,0.214806,-7526.99,-12.8379,-384.99,1,120.032,,0,2.00081,1,2.00081,,
Light_2,S,15,Light_2-NC1-15,0.592762,0.29626,66.7269,-12.274,-368.068,1,120.032,,0,2.00082,1,2.00082,,
Light_2,S,15,Light_2-NC1-15,0,0,,,,1,120.032,,0,2.00081,1,2.00081,,
Light_2,S,15,Light_2-NC1-15,0.606439,0.303098,-2538.53,-0.390641,-11.7146,1,120.032,0.200081,1,0.900363,2,1.80073,,
Light_3,S,15,Light_3-NC1-15,1.39563,0.697529,1211.12,4.10939,123.231,1,120.032,0.183409,2,0.817001,2,1.634,,
Light_3,S,15,Light_3-NC1-15,0.0275246,0.0137567,13079.2,180,5397.79,1,120.032,,0,2.00081,1,2.00081,,
Light_3,S,15,Light_3-NC1-15,0.635675,0.317709,-16343.3,3.33892,100.134,1,120.032,,0,2.00081,1,2.00081,,
Dark_1,S,15,Dark_1-NC2-15,0,0,,,,1,120.032,,0,2.00082,1,2.00082,,
Dark_1,S,15,Dark_1-NC2-15,0.106471,0.0532135,-25244.7,7.11077,213.236,1,120.032,,0,2.00082,1,2.00082,,
Dark_1,S,15,Dark_1-NC2-15,0.00933966,0.00466792,38545.3,180,5397.79,1,120.032,,0,2.0008,1,2.0008,,
Dark_2,S,15,Dark_2-NC2-15,1.82131,0.91028,197.66,180,5397.79,2,119.065,0.066694,1,0.967063,2,1.93413,,
Dark_2,S,15,Dark_2-NC2-15,0.362897,0.181374,-1122.64,3.18953,95.6466,1,120.032,,0,2.00082,1,2.00082,,
Dark_2,S,15,Dark_2-NC2-15,10.465,5.2304,-6518.87,42.9406,1287.7,2,119.299,0.122271,3,0.544663,3,1.63399,,
Dark_3,S,15,Dark_3-NC2-15,0,0,,,,1,120.032,,0,2.00082,1,2.00082,,
Dark_3,S,15,Dark_3-NC2-15,0.250355,0.125126,7033.44,-4.12292,-123.637,1,120.032,,0,2.00082,1,2.00082,,
Dark_3,S,15,Dark_3-NC2-15,7.14415,3.57064,-279.025,19.8647,595.668,1,120.032,0.116713,2,0.589125,3,1.76737,,
Light_1,S,15,Light_1-NC2-15,0,0,,,,1,120.032,,0,2.00082,1,2.00082,,
Light_1,S,15,Light_1-NC2-15,0.0948159,0.0473885,-59862.3,-33.844,-1014.9,1,120.032,,0,2.00082,1,2.00082,,
Light_1,S,15,Light_1-NC2-15,3.59876,1.7987,22559.1,89.794,2692.75,1,120.032,0.0500205,2,0.633587,3,1.90076,,
Light_2,S,15,Light_2-NC2-15,0,0,,,,1,120.032,,0,2.00082,1,2.00082,,
Light_2,S,15,Light_2-NC2-15,0.257008,0.128451,-6068.34,9.02653,270.685,1,120.032,,0,2.00082,1,2.00082,,
Light_2,S,15,Light_2-NC2-15,0,0,,,,1,120.032,,0,2.0008,1,2.0008,,
Light_3,S,15,Light_3-NC2-15,0,0,,,,1,120.032,,0,2.00082,1,2.00082,,
Light_3,S,15,Light_3-NC2-15,0.232825,0.116365,18611.2,32.7185,981.151,1,120.032,,0,2.00082,1,2.00082,,
Light_3,S,15,Light_3-NC2-15,0,0,,,,1,120.032,,0,2.0008,1,2.0008,,
Dark_1,S,15,Dark_1-NC3-15,0.413761,0.206797,-15933,-32.2571,-967.32,1,120.032,,0,2.00081,1,2.00081,,
Dark_1,S,15,Dark_1-NC3-15,0.442301,0.221061,18653.6,47.8048,1433.56,3,119.732,,0,2.00081,1,2.00081,,
Dark_1,S,15,Dark_1-NC3-15,0,0,,,,1,120.032,,0,2.00082,1,2.00082,,
Dark_2,S,15,Dark_2-NC3-15,0.118708,0.0593299,49401.9,21.9826,659.203,1,120.032,,0,2.00081,1,2.00081,,
Dark_2,S,15,Dark_2-NC3-15,0.171029,0.0854802,79133.5,122.714,3679.92,1,120.032,,0,2.00081,1,2.00081,,
Dark_2,S,15,Dark_2-NC3-15,0,0,,,,1,120.032,,0,2.00082,1,2.00082,,
Dark_3,S,15,Dark_3-NC3-15,0.0446649,0.0223234,-56620.9,-32.9117,-986.959,1,120.032,,0,2.00081,1,2.00081,,
Dark_3,S,15,Dark_3-NC3-15,0.136803,0.0683736,38576.2,76.9063,2306.25,2,114.566,,0,2.00081,1,2.00081,,
Dark_3,S,15,Dark_3-NC3-15,0,0,,,,1,120.032,,0,2.00082,1,2.00082,,
Light_1,S,15,Light_1-NC3-15,0.241696,0.120799,21344,32.7964,983.482,1,120.032,,0,2.00081,1,2.00081,,
Light_1,S,15,Light_1-NC3-15,0.244749,0.122325,33766.2,74.0969,2222,1,120.032,,0,2.00081,1,2.00081,,
Light_1,S,15,Light_1-NC3-15,0,0,,,,1,120.032,,0,2.00082,1,2.00082,,
Light_2,S,15,Light_2-NC3-15,0.0796771,0.0398225,43591.7,23.1521,694.283,1,120.032,,0,2.00081,1,2.00081,,
Light_2,S,15,Light_2-NC3-15,0.130025,0.0649864,30091.1,114.545,3434.97,1,120.032,,0,2.00081,1,2.00081,,
Light_2,S,15,Light_2-NC3-15,0,0,,,,1,120.032,,0,2.00082,1,2.00082,,
Light_3,S,15,Light_3-NC3-15,0.0781814,0.0390748,39828.9,-4.435,-133.002,2,119.099,,0,2.00081,1,2.00081,,
Light_3,S,15,Light_3-NC3-15,0.142896,0.0714192,42841.3,51.0898,1532.08,3,115.199,,0,2.00081,1,2.00081,,
Light_3,S,15,Light_3-NC3-15,0,0,,,,1,120.032,,0,2.00082,1,2.00082,,
Dark_1,S,25,Dark_1-NC1-25,0.330156,0.165012,-10373.8,-0.56217,-16.867,1,120.032,,0,2.0008,1,2.0008,,
Dark_1,S,25,Dark_1-NC1-25,0.00986251,0.00492927,73003.7,180,5397.79,1,120.032,,0,2.0008,1,2.0008,,
Dark_2,S,25,Dark_2-NC1-25,0.561755,0.280765,-2132.59,10.3798,311.275,1,120.032,,0,2.0008,1,2.0008,,
Dark_2,S,25,Dark_2-NC1-25,0.00986251,0.00492927,73003.7,180,5397.87,1,120.032,,0,2.0008,1,2.0008,,
Dark_3,S,25,Dark_3-NC1-25,0.139453,0.0696987,18557.1,28.5319,855.624,1,120.032,,0,2.0008,1,2.0008,,
Dark_3,S,25,Dark_3-NC1-25,0,0,,,,1,120.032,,0,2.0008,1,2.0008,,
Light_1,S,25,Light_1-NC1-25,0.46963,0.234721,60726.5,17.2702,517.888,1,120.032,,0,2.0008,1,2.0008,,
Light_1,S,25,Light_1-NC1-25,0.0527667,0.0263729,15051.6,180,5397.79,1,120.032,,0,2.0008,1,2.0008,,
Light_2,S,25,Light_2-NC1-25,0.190899,0.0954111,24765.8,-4.65975,-139.748,1,120.032,,0,2.0008,1,2.0008,,
Light_2,S,25,Light_2-NC1-25,0,0,,,,1,120.032,,0,2.0008,1,2.0008,,
Light_3,S,25,Light_3-NC1-25,0.327327,0.163598,23628,22.8283,684.58,1,120.032,,0,2.0008,1,2.0008,,
Light_3,S,25,Light_3-NC1-25,0,0,,,,1,120.032,,0,2.0008,1,2.0008,,
Dark_1,S,25,Dark_1-NC2-25,0,0,,,,1,120.032,,0,2.00081,1,2.00081,,
Dark_1,S,25,Dark_1-NC2-25,0.134507,0.0672259,-10121.4,5.21772,156.467,1,120.032,,0,2.00082,1,2.00082,,
Dark_1,S,25,Dark_1-NC2-25,0,0,,,,,,,0,2.0008,1,2.0008,,
Dark_2,S,25,Dark_2-NC2-25,0,0,,,,1,120.032,,0,2.00081,1,2.00081,,
Dark_2,S,25,Dark_2-NC2-25,0.166277,0.0831043,12500.4,-5.27222,-158.102,2,119.932,,0,2.00082,1,2.00082,,
Dark_2,S,25,Dark_2-NC2-25,0,0,,,,2,0.499995,,0,2.0008,1,2.0008,,
Dark_3,S,25,Dark_3-NC2-25,0,0,,,,1,120.032,,0,2.00081,1,2.00081,,
Dark_3,S,25,Dark_3-NC2-25,0.121355,0.0606525,22318.7,6.05839,181.677,1,120.032,,0,2.00082,1,2.00082,,
Dark_3,S,25,Dark_3-NC2-25,0.0378202,0.0189024,22494,180,5397.79,1,0.133332,,0,2.0008,1,2.0008,,
Light_1,S,25,Light_1-NC2-25,0,0,,,,1,120.032,,0,2.00081,1,2.00081,,
Light_1,S,25,Light_1-NC2-25,0.141445,0.0706934,15907.2,4.3593,130.725,1,120.032,,0,2.00082,1,2.00082,,
Light_1,S,25,Light_1-NC2-25,0,0,,,,4,1.99998,,0,2.0008,1,2.0008,,
Light_2,S,25,Light_2-NC2-25,0,0,,,,1,120.032,,0,2.00081,1,2.00081,,
Light_2,S,25,Light_2-NC2-25,0.135622,0.067783,-21120.6,-14.958,-448.556,1,120.032,,0,2.00082,1,2.00082,,
Light_2,S,25,Light_2-NC2-25,0,0,,,,,,,0,2.0008,1,2.0008,,
Light_3,S,25,Light_3-NC2-25,0,0,,,,1,120.032,,0,2.00081,1,2.00081,,
Light_3,S,25,Light_3-NC2-25,0.9372,0.468408,-4797.96,-12.2332,-366.847,1,120.032,0.266776,2,0.489089,3,1.46727,,
Light_3,S,25,Light_3-NC2-25,0,0,,,,,,,0,2.0008,1,2.0008,,
Dark_1,S,25,Dark_1-NC3-25,0,0,,,,1,120.032,,0,2.00082,1,2.00082,,
Dark_1,S,25,Dark_1-NC3-25,0,0,,,,1,120.032,,0,2.00081,1,2.00081,,
Dark_2,S,25,Dark_2-NC3-25,0.00881701,0.0044067,-40830.2,-180,-5397.79,1,120.032,,0,2.00082,1,2.00082,,
Dark_2,S,25,Dark_2-NC3-25,0,0,,,,1,120.032,,0,2.00081,1,2.00081,,
Dark_3,S,25,Dark_3-NC3-25,0,0,,,,1,120.032,,0,2.00082,1,2.00082,,
Dark_3,S,25,Dark_3-NC3-25,0,0,,,,1,120.032,,0,2.00081,1,2.00081,,
Light_1,S,25,Light_1-NC3-25,0,0,,,,2,119.465,,0,2.00082,1,2.00082,,
Light_1,S,25,Light_1-NC3-25,0,0,,,,1,120.032,,0,2.00081,1,2.00081,,
Light_2,S,25,Light_2-NC3-25,0,0,,,,1,120.032,,0,2.00082,1,2.00082,,
Light_2,S,25,Light_2-NC3-25,0,0,,,,1,120.032,,0,2.00081,1,2.00081,,
Light_3,S,25,Light_3-NC3-25,0.00881701,0.0044067,-40830.2,-180,-5397.79,1,120.032,,0,2.00082,1,2.00082,,
Light_3,S,25,Light_3-NC3-25,0,0,,,,1,120.032,,0,2.00081,1,2.00081,,
